DATE,bvalue,Open,High,Low,Vol.,Change %
9/21/2018,"6,729.90","6,522.10","6,790.00","6,496.00",38.64K,3.53%
9/20/2018,"6,500.50","6,392.80","6,535.00","6,357.20",16.67K,1.71%
9/19/2018,"6,390.90","6,330.80","6,521.50","6,112.70",29.90K,0.76%
9/18/2018,"6,342.80","6,243.00","6,384.00","6,229.20",15.93K,1.42%
9/17/2018,"6,254.20","6,506.10","6,532.80","6,205.10",23.54K,-3.76%
9/16/2018,"6,498.50","6,512.80","6,517.80","6,384.50",8.73K,-0.23%
9/15/2018,"6,513.60","6,480.10","6,568.90","6,473.60",8.35K,0.44%
9/14/2018,"6,485.00","6,495.00","6,593.00","6,355.60",16.37K,0.15%
9/13/2018,"6,475.60","6,334.00","6,523.40","6,334.00",19.24K,2.27%
9/12/2018,"6,332.00","6,290.90","6,355.00","6,203.10",16.08K,0.65%
9/11/2018,"6,290.80","6,332.10","6,397.10","6,178.10",16.61K,-0.27%
9/10/2018,"6,308.00","6,240.00","6,363.50","6,233.20",14.45K,1.09%
9/9/2018,"6,239.90","6,184.90","6,427.60","6,142.20",16.46K,0.89%
9/8/2018,"6,185.00","6,404.20","6,475.10","6,130.30",21.85K,-3.42%
9/7/2018,"6,404.10","6,516.10","6,532.90","6,322.80",20.74K,-1.71%
9/6/2018,"6,515.60","6,705.00","6,720.80","6,310.30",53.00K,-2.90%
9/5/2018,"6,710.50","7,357.30","7,400.00","6,700.00",55.65K,-8.81%
9/4/2018,"7,358.90","7,267.80","7,410.30","7,246.20",20.82K,1.25%
9/3/2018,"7,268.00","7,304.70","7,341.40","7,200.10",22.31K,-0.31%
9/2/2018,"7,290.40","7,197.50","7,367.00","7,137.20",44.68K,1.29%
9/1/2018,"7,197.50","7,022.90","7,260.40","7,020.50",21.39K,2.44%
8/31/2018,"7,025.90","6,986.10","7,084.00","6,889.00",19.38K,0.45%
8/30/2018,"6,994.70","7,037.90","7,060.00","6,802.40",24.58K,-0.72%
8/29/2018,"7,045.70","7,079.90","7,133.60","6,931.60",19.83K,-0.48%
8/28/2018,"7,079.70","6,910.50","7,127.20","6,872.00",30.07K,2.46%
8/27/2018,"6,909.50","6,707.00","6,911.60","6,653.50",24.21K,3.00%
8/26/2018,"6,708.40","6,732.80","6,784.10","6,574.50",16.75K,-0.36%
8/25/2018,"6,732.90","6,693.30","6,795.50","6,670.00",16.88K,0.55%
8/24/2018,"6,695.90","6,530.50","6,728.30","6,462.70",20.20K,2.58%
8/23/2018,"6,527.20","6,363.80","6,565.60","6,350.00",19.94K,2.71%
8/22/2018,"6,354.90","6,479.10","6,885.00","6,253.00",58.96K,-1.92%
8/21/2018,"6,479.10","6,255.20","6,500.00","6,245.00",29.50K,3.57%
8/20/2018,"6,255.90","6,485.10","6,520.60","6,230.20",31.72K,-3.53%
8/19/2018,"6,485.10","6,395.00","6,550.00","6,309.30",15.35K,1.47%
8/18/2018,"6,391.20","6,585.90","6,615.00","6,301.90",19.73K,-2.92%
8/17/2018,"6,583.30","6,312.00","6,588.70","6,290.20",26.76K,4.27%
8/16/2018,"6,314.00","6,270.20","6,474.70","6,215.20",25.14K,0.70%
8/15/2018,"6,270.10","6,188.60","6,623.80","6,181.10",66.22K,1.31%
8/14/2018,"6,189.00","6,241.30","6,244.00","5,879.30",52.70K,-1.01%
8/13/2018,"6,251.90","6,312.20","6,541.80","6,150.00",32.33K,-0.98%
8/12/2018,"6,313.90","6,234.70","6,481.70","6,163.30",23.05K,1.30%
8/11/2018,"6,232.70","6,147.00","6,485.70","6,008.20",37.12K,1.40%
8/10/2018,"6,146.80","6,533.60","6,573.60","6,014.50",43.50K,-5.86%
8/9/2018,"6,529.10","6,280.70","6,623.70","6,188.20",33.38K,3.98%
8/8/2018,"6,279.20","6,718.80","6,720.10","6,131.00",53.88K,-6.57%
8/7/2018,"6,720.50","6,940.10","7,149.90","6,678.80",32.25K,-3.18%
8/6/2018,"6,941.30","7,025.80","7,149.90","6,847.00",18.12K,-1.20%
8/5/2018,"7,025.80","7,013.20","7,089.70","6,890.20",17.68K,0.18%
8/4/2018,"7,013.20","7,420.00","7,490.00","6,930.00",31.72K,-5.48%
8/3/2018,"7,420.00","7,533.20","7,533.20","7,283.60",30.88K,-1.53%
8/2/2018,"7,535.20","7,606.00","7,707.10","7,463.10",17.75K,-0.97%
8/1/2018,"7,608.80","7,731.30","7,755.60","7,444.20",30.74K,-1.58%
7/31/2018,"7,730.60","8,179.50","8,179.50","7,670.00",43.55K,-5.49%
7/30/2018,"8,179.60","8,218.50","8,274.20","7,862.90",37.58K,-0.50%
7/29/2018,"8,221.00","8,235.70","8,293.90","8,123.00",10.19K,-0.31%
7/28/2018,"8,246.40","8,188.00","8,246.40","8,073.90",13.66K,0.74%
7/27/2018,"8,185.70","7,933.50","8,280.30","7,815.10",34.22K,3.11%
7/26/2018,"7,939.00","8,178.40","8,313.10","7,869.80",32.78K,-2.90%
7/25/2018,"8,176.00","8,380.00","8,485.70","8,073.00",36.97K,-2.60%
7/24/2018,"8,394.50","7,719.80","8,500.20","7,692.30",64.68K,8.74%
7/23/2018,"7,719.80","7,397.70","7,800.70","7,374.10",47.52K,4.31%
7/22/2018,"7,400.50","7,403.40","7,572.70","7,338.90",17.17K,-0.04%
7/21/2018,"7,403.30","7,333.00","7,458.00","7,221.00",11.41K,0.96%
7/20/2018,"7,333.10","7,473.60","7,681.00","7,278.20",32.74K,-1.88%
7/19/2018,"7,473.50","7,379.80","7,559.90","7,282.90",22.19K,1.28%
7/18/2018,"7,379.40","7,320.00","7,586.50","7,249.90",39.62K,0.81%
7/17/2018,"7,319.80","6,734.30","7,462.90","6,667.40",48.12K,8.78%
7/16/2018,"6,729.20","6,347.70","6,750.00","6,328.90",31.00K,6.02%
7/15/2018,"6,347.20","6,250.00","6,388.90","6,232.30",10.99K,1.55%
7/14/2018,"6,250.10","6,219.70","6,320.00","6,179.30",8.90K,0.48%
7/13/2018,"6,220.00","6,240.60","6,335.10","6,133.40",20.09K,-0.46%
7/12/2018,"6,249.00","6,377.70","6,377.70","6,080.80",24.98K,-2.02%
7/11/2018,"6,377.80","6,299.00","6,402.80","6,287.70",16.41K,1.21%
7/10/2018,"6,301.50","6,666.90","6,680.10","6,269.30",28.02K,-5.48%
7/9/2018,"6,666.70","6,705.90","6,820.00","6,617.10",16.30K,-0.60%
7/8/2018,"6,707.00","6,761.80","6,790.80","6,669.10",13.71K,-0.81%
7/7/2018,"6,761.70","6,602.20","6,826.10","6,511.50",15.29K,2.42%
7/6/2018,"6,602.10","6,531.60","6,636.90","6,452.90",14.95K,0.95%
7/5/2018,"6,540.20","6,589.90","6,697.70","6,452.00",23.13K,-0.76%
7/4/2018,"6,590.00","6,509.00","6,778.30","6,418.70",22.49K,1.38%
7/3/2018,"6,500.00","6,617.60","6,672.40","6,470.50",17.26K,-1.24%
7/2/2018,"6,581.30","6,617.60","6,672.40","6,539.00",26.92K,3.65%
7/1/2018,"6,349.70","6,391.50","6,435.00","6,260.20",11.38K,-0.65%
6/30/2018,"6,391.50","6,208.20","6,518.10","6,195.80",23.86K,2.95%
6/29/2018,"6,208.10","5,848.10","6,273.00","5,782.90",33.93K,6.12%
6/28/2018,"5,850.00","6,133.10","6,167.70","5,829.90",17.94K,-4.62%
6/27/2018,"6,133.10","6,073.50","6,181.40","5,989.00",18.27K,0.90%
6/26/2018,"6,078.50","6,250.80","6,273.70","6,050.20",18.83K,-2.69%
6/25/2018,"6,246.60","6,146.10","6,334.20","6,082.10",27.91K,1.60%
6/24/2018,"6,148.00","6,151.90","6,249.70","5,762.90",45.50K,-0.06%
6/23/2018,"6,152.00","6,041.00","6,253.90","6,014.00",20.70K,1.81%
6/22/2018,"6,042.60","6,715.20","6,730.70","5,929.10",55.25K,-9.99%
6/21/2018,"6,713.50","6,760.00","6,787.10","6,680.10",10.65K,-0.69%
6/20/2018,"6,760.40","6,732.70","6,818.20","6,560.00",18.71K,0.34%
6/19/2018,"6,737.50","6,711.60","6,832.90","6,666.20",17.38K,0.42%
6/18/2018,"6,709.20","6,443.50","6,826.80","6,378.60",26.37K,4.25%
6/17/2018,"6,435.70","6,491.00","6,573.00","6,426.90",9.44K,-0.77%
6/16/2018,"6,485.90","6,386.20","6,557.20","6,330.00",13.70K,1.58%
6/15/2018,"6,385.00","6,638.00","6,655.50","6,360.30",21.29K,-3.75%
6/14/2018,"6,633.70","6,295.10","6,703.40","6,269.50",33.06K,5.38%
6/13/2018,"6,295.20","6,543.10","6,611.70","6,125.70",45.58K,-3.80%
6/12/2018,"6,543.90","6,873.20","6,873.20","6,441.00",32.01K,-4.79%
6/11/2018,"6,873.30","6,757.30","6,897.00","6,631.00",22.38K,1.72%
6/10/2018,"6,757.30","7,498.10","7,498.10","6,633.90",57.82K,-9.89%
6/9/2018,"7,498.60","7,615.20","7,684.90","7,467.70",7.22K,-1.53%
6/8/2018,"7,615.10","7,685.70","7,697.00","7,544.00",12.20K,-0.96%
6/7/2018,"7,688.90","7,653.90","7,756.10","7,645.80",11.04K,0.46%
6/6/2018,"7,654.00","7,621.90","7,698.00","7,495.20",18.27K,0.42%
6/5/2018,"7,621.70","7,487.90","7,669.00","7,372.90",16.84K,1.78%
6/4/2018,"7,488.30","7,718.00","7,761.50","7,457.50",18.13K,-2.98%
6/3/2018,"7,718.00","7,639.00","7,777.40","7,600.00",13.80K,1.05%
6/2/2018,"7,638.10","7,521.10","7,691.20","7,445.50",17.36K,1.56%
6/1/2018,"7,521.00","7,485.90","7,599.80","7,344.80",19.04K,0.47%
5/31/2018,"7,485.80","7,375.10","7,599.70","7,338.00",19.46K,1.50%
5/30/2018,"7,375.10","7,465.30","7,557.50","7,279.60",22.08K,-1.14%
5/29/2018,"7,460.00","7,104.00","7,527.90","7,048.60",27.90K,5.10%
5/28/2018,"7,097.90","7,339.60","7,434.80","7,062.40",26.68K,-3.29%
5/27/2018,"7,339.70","7,330.80","7,411.50","7,220.10",16.17K,0.13%
5/26/2018,"7,330.30","7,456.70","7,621.70","7,286.10",13.81K,-1.71%
5/25/2018,"7,458.00","7,576.00","7,654.10","7,323.10",25.87K,-1.57%
5/24/2018,"7,576.70","7,503.30","7,718.00","7,260.90",38.86K,1.09%
5/23/2018,"7,494.80","7,978.00","8,020.00","7,442.10",41.68K,-6.05%
5/22/2018,"7,977.30","8,399.60","8,406.50","7,947.20",20.53K,-4.96%
5/21/2018,"8,393.40","8,523.70","8,586.90","8,317.70",17.22K,-1.53%
5/20/2018,"8,523.70","8,230.90","8,580.00","8,171.50",15.50K,3.54%
5/19/2018,"8,232.30","8,238.90","8,400.10","8,142.00",14.15K,-0.08%
5/18/2018,"8,239.00","8,054.80","8,276.60","7,927.80",23.44K,2.32%
5/17/2018,"8,051.80","8,349.70","8,466.90","7,986.80",25.19K,-3.41%
5/16/2018,"8,336.10","8,467.00","8,488.70","8,103.60",32.76K,-1.55%
5/15/2018,"8,467.50","8,668.50","8,838.00","8,420.70",26.21K,-2.34%
5/14/2018,"8,670.80","8,683.80","8,882.40","8,279.50",37.15K,-0.15%
5/13/2018,"8,683.60","8,467.00","8,753.00","8,320.00",22.90K,2.61%
5/12/2018,"8,462.70","8,419.50","8,631.60","8,204.50",36.66K,0.60%
5/11/2018,"8,412.40","9,015.20","9,015.20","8,341.80",54.49K,-6.72%
5/10/2018,"9,018.70","9,320.00","9,390.00","9,003.00",23.62K,-3.21%
5/9/2018,"9,318.20","9,180.70","9,370.90","8,980.10",22.81K,1.45%
5/8/2018,"9,184.70","9,356.40","9,469.70","9,052.30",25.86K,-1.98%
5/7/2018,"9,370.00","9,659.00","9,675.70","9,200.00",25.78K,-2.99%
5/6/2018,"9,658.70","9,859.60","9,963.90","9,455.00",26.92K,-2.04%
5/5/2018,"9,859.60","9,702.90","9,990.00","9,685.90",29.51K,1.62%
5/4/2018,"9,702.80","9,759.00","9,811.90","9,557.00",24.54K,-0.61%
5/3/2018,"9,762.10","9,237.90","9,838.00","9,162.80",36.48K,5.69%
5/2/2018,"9,236.40","9,069.10","9,279.80","8,979.60",20.18K,1.87%
5/1/2018,"9,067.00","9,240.70","9,240.70","8,829.10",25.59K,-1.87%
4/30/2018,"9,240.00","9,400.00","9,450.00","9,110.70",23.26K,-1.69%
4/29/2018,"9,398.60","9,340.30","9,564.10","9,184.60",27.31K,0.57%
4/28/2018,"9,345.30","8,911.00","9,436.00","8,845.00",45.08K,4.77%
4/27/2018,"8,920.10","9,269.70","9,381.10","8,902.80",30.15K,-3.87%
4/26/2018,"9,279.30","8,850.10","9,308.00","8,656.00",43.21K,4.52%
4/25/2018,"8,878.40","9,643.00","9,761.50","8,768.40",74.49K,-7.94%
4/24/2018,"9,644.40","8,940.20","9,737.90","8,929.90",60.35K,7.88%
4/23/2018,"8,940.00","8,791.40","8,940.00","8,769.90",23.26K,1.59%
4/22/2018,"8,800.00","8,917.60","8,979.80","8,752.90",31.43K,-1.34%
4/21/2018,"8,919.10","8,865.40","9,029.00","8,618.90",39.56K,0.60%
4/20/2018,"8,866.10","8,272.80","8,937.50","8,219.00",50.90K,7.17%
4/19/2018,"8,272.80","8,166.40","8,296.80","8,099.90",29.21K,1.30%
4/18/2018,"8,166.30","7,888.80","8,229.00","7,874.70",29.54K,3.50%
4/17/2018,"7,889.90","8,056.10","8,169.00","7,823.30",28.23K,-2.06%
4/16/2018,"8,056.20","8,354.80","8,415.00","7,900.30",37.56K,-3.57%
4/15/2018,"8,354.10","8,003.00","8,426.30","7,997.20",31.90K,4.39%
4/14/2018,"8,002.90","7,885.80","8,182.00","7,820.70",26.52K,1.48%
4/13/2018,"7,885.80","7,915.20","8,230.00","7,746.00",59.91K,-0.33%
4/12/2018,"7,912.00","6,944.00","8,083.70","6,761.30",94.57K,13.95%
4/11/2018,"6,943.10","6,839.30","6,975.70","6,795.00",29.54K,1.52%
4/10/2018,"6,839.30","6,770.90","6,890.60","6,650.00",26.15K,1.10%
4/9/2018,"6,764.60","7,024.00","7,187.40","6,611.00",75.96K,-3.69%
4/8/2018,"7,023.90","6,892.60","7,114.80","6,883.00",29.33K,1.90%
4/7/2018,"6,892.60","6,610.00","7,075.40","6,599.90",40.61K,4.27%
4/6/2018,"6,610.20","6,767.20","6,851.50","6,501.10",42.14K,-2.29%
4/5/2018,"6,765.00","6,785.80","6,911.00","6,571.90",45.85K,-0.31%
4/4/2018,"6,785.90","7,403.30","7,422.00","6,670.00",53.72K,-8.37%
4/3/2018,"7,405.60","7,073.80","7,509.60","7,020.00",49.86K,5.00%
4/2/2018,"7,052.70","6,813.10","7,121.40","6,770.20",44.01K,3.56%
4/1/2018,"6,810.00","6,925.40","7,035.10","6,432.40",54.90K,-1.66%
3/31/2018,"6,925.30","6,838.10","7,221.90","6,782.90",68.02K,1.24%
3/30/2018,"6,840.40","7,091.50","7,267.30","6,533.00",108.25K,-3.57%
3/29/2018,"7,094.00","7,936.00","7,963.90","6,897.20",77.41K,-10.61%
3/28/2018,"7,936.10","7,784.50","8,118.00","7,725.00",35.08K,1.95%
3/27/2018,"7,784.50","8,128.00","8,209.00","7,727.00",50.41K,-4.12%
3/26/2018,"8,119.10","8,445.00","8,496.40","7,839.10",56.38K,-3.86%
3/25/2018,"8,445.10","8,525.00","8,673.90","8,373.00",30.69K,-1.05%
3/24/2018,"8,535.00","8,911.40","9,040.20","8,463.00",44.21K,-4.19%
3/23/2018,"8,908.00","8,703.80","8,910.00","8,272.80",44.91K,2.32%
3/22/2018,"8,706.40","8,888.60","9,088.00","8,453.10",54.42K,-2.18%
3/21/2018,"8,900.10","8,899.80","9,175.20","8,755.70",42.86K,0.00%
3/20/2018,"8,899.70","8,600.20","9,025.00","8,309.60",54.28K,3.48%
3/19/2018,"8,600.10","8,209.00","8,689.90","8,100.00",73.28K,4.88%
3/18/2018,"8,200.20","7,832.00","8,285.60","7,240.00",88.92K,4.45%
3/17/2018,"7,851.00","8,250.00","8,350.10","7,729.50",48.97K,-4.85%
3/16/2018,"8,251.00","8,250.10","8,602.70","7,903.20",56.34K,-0.02%
3/15/2018,"8,252.90","8,181.30","8,416.70","7,666.30",82.58K,0.81%
3/14/2018,"8,186.60","9,135.20","9,400.10","7,923.80",78.81K,-10.38%
3/13/2018,"9,135.00","9,130.20","9,479.00","8,827.70",61.54K,0.15%
3/12/2018,"9,121.00","9,528.00","9,894.70","8,776.80",67.58K,-4.27%
3/11/2018,"9,528.00","8,764.40","9,726.10","8,429.00",70.48K,8.74%
3/10/2018,"8,762.00","9,216.20","9,500.00","8,691.10",52.54K,-4.94%
3/9/2018,"9,217.00","9,301.90","9,420.50","8,351.00",98.20K,-0.89%
3/8/2018,"9,300.00","9,910.70","10,109.00","9,037.00",67.75K,-6.09%
3/7/2018,"9,902.90","10,779.00","10,899.00","9,422.10",75.22K,-7.62%
3/6/2018,"10,720.00","11,403.00","11,403.00","10,578.00",44.24K,-6.10%
3/5/2018,"11,416.00","11,497.00","11,696.00","11,390.00",27.56K,-0.74%
3/4/2018,"11,501.00","11,454.00","11,544.00","11,061.00",28.07K,0.53%
3/3/2018,"11,440.00","11,024.00","11,526.00","11,024.00",30.65K,3.76%
3/2/2018,"11,025.00","10,908.00","11,189.00","10,766.00",28.86K,0.92%
3/1/2018,"10,925.00","10,316.00","11,087.00","10,224.00",33.87K,5.91%
2/28/2018,"10,315.00","10,583.00","11,063.00","10,270.00",43.89K,-2.40%
2/27/2018,"10,569.00","10,320.00","10,880.00","10,133.00",39.72K,2.40%
2/26/2018,"10,321.00","9,583.00","10,437.00","9,359.90",45.94K,7.99%
2/25/2018,"9,557.40","9,666.30","9,840.00","9,284.30",30.52K,-1.13%
2/24/2018,"9,666.30","10,144.00","10,499.00","9,350.30",55.70K,-4.72%
2/23/2018,"10,145.00","9,826.50","10,395.00","9,583.90",59.07K,3.20%
2/22/2018,"9,830.00","10,453.20","10,912.00","9,740.00",71.23K,-5.98%
2/21/2018,"10,455.00","11,216.00","11,239.00","10,200.00",76.96K,-6.80%
2/20/2018,"11,218.00","11,172.00","11,776.00","11,101.00",60.92K,0.40%
2/19/2018,"11,173.00","10,398.00","11,250.00","10,308.00",50.74K,7.72%
2/18/2018,"10,372.00","11,062.00","11,250.00","10,122.00",69.83K,-6.17%
2/17/2018,"11,053.50","10,161.00","11,083.00","10,050.00",52.80K,8.77%
2/16/2018,"10,162.00","9,996.00","10,270.00","9,674.90",43.89K,1.65%
2/15/2018,"9,996.90","9,454.30","10,175.00","9,338.80",67.53K,5.73%
2/14/2018,"9,455.40","8,515.90","9,488.00","8,512.60",50.36K,11.03%
2/13/2018,"8,515.90","8,902.90","8,952.80","8,339.70",39.51K,-4.32%
2/12/2018,"8,900.60","8,070.00","9,000.00","8,070.00",51.40K,10.31%
2/11/2018,"8,069.00","8,563.00","8,569.00","7,851.00",52.21K,-5.77%
2/10/2018,"8,563.10","8,678.10","9,074.30","8,152.10",68.15K,-1.38%
2/9/2018,"8,683.20","8,240.00","8,748.00","7,734.70",63.03K,5.44%
2/8/2018,"8,235.10","7,585.00","8,648.80","7,579.60",77.62K,8.54%
2/7/2018,"7,587.00","7,679.40","8,488.20","7,175.10",106.70K,-1.13%
2/6/2018,"7,673.80","6,946.60","7,860.00","6,000.00",192.76K,10.42%
2/5/2018,"6,949.90","8,185.20","8,378.00","6,658.80",131.29K,-15.25%
2/4/2018,"8,200.00","9,225.10","9,403.30","7,840.00",74.42K,-11.06%
2/3/2018,"9,219.40","8,887.10","9,495.00","8,189.60",51.91K,3.64%
2/2/2018,"8,895.80","9,181.00","9,201.00","7,972.20",123.34K,-3.11%
2/1/2018,"9,181.10","10,278.00","10,311.00","8,941.00",78.78K,-10.72%
1/31/2018,"10,284.00","10,170.00","10,411.00","9,761.00",43.23K,1.07%
1/30/2018,"10,175.00","11,215.00","11,250.00","9,864.90",61.28K,-9.25%
1/29/2018,"11,212.00","11,836.00","11,957.00","11,074.00",25.65K,-5.30%
1/28/2018,"11,839.00","11,455.10","12,181.00","11,398.00",29.62K,3.30%
1/27/2018,"11,461.00","11,068.00","11,683.00","10,822.00",34.40K,3.53%
1/26/2018,"11,070.00","11,144.00","11,647.00","10,298.00",56.75K,-0.68%
1/25/2018,"11,146.00","11,402.00","11,723.00","10,857.00",34.44K,-2.35%
1/24/2018,"11,414.00","10,811.00","11,529.00","10,454.00",43.82K,5.50%
1/23/2018,"10,819.00","10,770.00","11,383.00","9,901.10",63.85K,0.45%
1/22/2018,"10,771.00","11,519.00","11,886.00","10,009.00",66.35K,-6.45%
1/21/2018,"11,514.00","12,732.00","12,732.00","11,020.00",53.62K,-9.54%
1/20/2018,"12,728.00","11,462.00","13,002.00","11,425.00",46.30K,10.91%
1/19/2018,"11,476.00","11,036.00","11,879.00","10,649.00",48.55K,3.90%
1/18/2018,"11,045.00","11,101.00","11,881.00","10,515.00",85.24K,-0.33%
1/17/2018,"11,082.00","11,059.00","11,490.00","9,231.10",132.23K,0.09%
1/16/2018,"11,072.00","13,594.00","13,604.00","9,949.40",131.86K,-18.44%
1/15/2018,"13,575.00","13,558.00","14,350.00","13,307.00",33.46K,0.13%
1/14/2018,"13,558.00","14,190.00","14,391.00","12,874.30",35.60K,-4.46%
1/13/2018,"14,191.00","13,794.00","14,580.00","13,760.00",29.01K,2.96%
1/12/2018,"13,783.00","13,248.00","14,095.00","12,778.00",37.42K,3.90%
1/11/2018,"13,266.00","14,895.00","14,949.80","12,639.00",71.70K,-10.94%
1/10/2018,"14,896.00","14,426.00","14,896.00","13,338.00",57.33K,3.28%
1/9/2018,"14,423.00","14,902.00","15,355.00","14,122.00",43.44K,-3.40%
1/8/2018,"14,930.00","16,216.00","16,279.00","13,760.00",64.95K,-7.82%
1/7/2018,"16,196.00","17,163.00","17,176.00","15,726.00",30.84K,-5.62%
1/6/2018,"17,161.00","16,911.00","17,252.00","16,251.00",29.61K,1.44%
1/5/2018,"16,917.00","15,159.00","17,101.00","14,769.00",54.63K,11.59%
1/4/2018,"15,160.00","15,150.00","15,390.00","14,064.00",46.47K,0.03%
1/3/2018,"15,155.00","14,713.00","15,428.00","14,522.00",38.35K,3.03%
1/2/2018,"14,709.80","13,448.00","15,300.00","12,810.00",56.18K,10.15%
1/1/2018,"13,354.00","13,794.00","13,893.00","12,787.00",29.54K,-3.23%
12/31/2017,"13,800.00","12,385.00","14,140.00","12,183.90",43.29K,11.50%
12/30/2017,"12,377.00","14,308.00","14,403.00","11,690.00",75.43K,-13.55%
12/29/2017,"14,317.00","14,323.00","15,105.00","13,847.00",48.01K,0.01%
12/28/2017,"14,315.00","15,374.00","15,467.00","13,232.00",72.89K,-6.89%
12/27/2017,"15,374.00","15,680.00","16,494.00","14,463.00",54.99K,-1.95%
12/26/2017,"15,679.00","13,627.00","16,048.00","13,550.00",63.44K,15.09%
12/25/2017,"13,623.00","13,517.00","14,278.00","12,678.00",45.61K,1.09%
12/24/2017,"13,476.00","14,036.00","14,047.00","11,601.20",72.38K,-3.98%
12/23/2017,"14,035.00","13,173.00","14,986.00","12,755.00",59.92K,6.57%
12/22/2017,"13,170.00","15,650.00","15,826.00","10,718.00",179.00K,-15.94%
12/21/2017,"15,666.80","16,433.00","17,333.00","14,827.00",65.58K,-4.62%
12/20/2017,"16,425.00","17,340.00","17,709.00","15,500.00",82.16K,-5.30%
12/19/2017,"17,345.00","18,931.00","18,987.00","16,500.00",66.65K,-8.39%
12/18/2017,"18,934.00","18,959.00","19,171.00","18,010.00",53.58K,-0.20%
12/17/2017,"18,971.00","19,210.00","19,891.00","18,622.00",51.80K,-1.13%
12/16/2017,"19,187.00","17,569.50","19,548.00","17,098.00",48.27K,9.50%
12/15/2017,"17,522.00","16,396.00","18,098.00","16,352.00",63.11K,6.95%
12/14/2017,"16,383.00","16,122.00","16,999.00","15,870.00",45.72K,1.25%
12/13/2017,"16,181.00","17,010.00","17,288.00","15,674.00",62.88K,-4.63%
12/12/2017,"16,967.00","16,754.00","17,500.00","16,234.00",52.09K,1.27%
12/11/2017,"16,754.00","14,937.00","17,443.00","14,937.00",78.09K,11.72%
12/10/2017,"14,997.00","14,660.00","15,728.00","12,748.00",107.05K,2.30%
12/9/2017,"14,660.00","15,829.00","16,300.00","13,021.00",77.82K,-7.62%
12/8/2017,"15,869.00","16,608.00","17,160.00","13,774.00",124.11K,-4.41%
12/7/2017,"16,601.00","13,500.00","16,639.00","13,154.00",141.26K,22.72%
12/6/2017,"13,527.00","11,590.00","13,598.00","11,590.00",83.59K,16.66%
12/5/2017,"11,595.00","11,611.00","11,949.00","11,414.00",48.94K,0.00%
12/4/2017,"11,595.00","11,162.00","11,598.00","10,788.00",63.74K,3.93%
12/3/2017,"11,157.00","10,880.00","11,842.00","10,299.00",93.06K,2.54%
12/2/2017,"10,881.00","10,852.00","11,187.00","10,627.00",49.71K,0.11%
12/1/2017,"10,869.00","9,907.00","10,949.00","9,370.10",84.14K,9.71%
11/30/2017,"9,907.00","9,771.90","10,540.00","8,821.00",129.07K,1.62%
11/29/2017,"9,749.40","9,891.90","11,427.20","9,001.10",182.74K,-1.50%
11/28/2017,"9,898.00","9,727.10","9,977.80","9,608.30",47.11K,1.74%
11/27/2017,"9,728.80","9,303.90","9,760.70","9,268.90",66.66K,4.43%
11/26/2017,"9,316.00","8,791.00","9,495.00","8,769.20",67.57K,6.27%
11/25/2017,"8,766.20","8,191.60","8,770.00","8,132.90",44.25K,7.01%
11/24/2017,"8,191.60","7,977.00","8,350.70","7,873.00",42.85K,2.69%
11/23/2017,"7,977.10","8,230.00","8,267.60","7,977.10",32.10K,-3.07%
11/22/2017,"8,230.10","8,097.30","8,310.00","8,064.30",28.86K,1.64%
11/21/2017,"8,097.30","8,245.10","8,380.00","7,790.00",71.85K,-1.79%
11/20/2017,"8,245.10","8,052.80","8,310.20","7,943.40",38.28K,2.37%
11/19/2017,"8,054.20","7,770.60","8,126.90","7,652.00",39.13K,3.61%
11/18/2017,"7,773.30","7,674.10","7,867.00","7,419.50",40.70K,1.24%
11/17/2017,"7,677.90","7,865.00","8,029.80","7,511.10",75.95K,-2.37%
11/16/2017,"7,864.20","7,273.70","8,012.90","7,099.90",85.88K,8.05%
11/15/2017,"7,278.30","6,589.90","7,310.20","6,589.90",71.61K,10.63%
11/14/2017,"6,579.20","6,476.50","6,687.80","6,315.40",49.52K,1.62%
11/13/2017,"6,474.60","5,806.50","6,680.00","5,786.10",110.44K,11.21%
11/12/2017,"5,822.10","6,282.40","6,465.00","5,426.00",172.69K,-7.60%
11/11/2017,"6,300.70","6,541.20","6,788.00","6,166.00",72.84K,-3.69%
11/10/2017,"6,542.20","7,123.30","7,313.10","6,405.20",88.43K,-8.20%
11/9/2017,"7,126.20","7,447.00","7,447.00","7,017.60",50.14K,-4.25%
11/8/2017,"7,442.40","7,102.00","7,895.00","7,029.90",97.30K,4.77%
11/7/2017,"7,103.30","6,959.60","7,214.40","6,959.00",37.54K,2.13%
11/6/2017,"6,955.00","7,355.10","7,429.50","6,915.10",63.27K,-5.78%
11/5/2017,"7,382.00","7,370.90","7,595.00","7,272.00",46.29K,0.18%
11/4/2017,"7,369.00","7,104.00","7,521.10","6,936.50",48.62K,1.24%
11/3/2017,"7,278.40","7,018.90","7,447.50","6,926.50",64.15K,3.68%
11/2/2017,"7,019.90","6,735.00","7,315.10","6,724.50",97.45K,4.35%
11/1/2017,"6,727.30","6,450.20","6,727.30","6,348.00",57.13K,4.17%
10/31/2017,"6,458.30","6,129.90","6,472.10","6,082.70",38.76K,5.44%
10/30/2017,"6,125.30","6,146.00","6,237.20","6,010.00",33.26K,-0.50%
10/29/2017,"6,156.00","5,718.10","6,330.00","5,662.90",61.92K,7.61%
10/28/2017,"5,720.60","5,759.80","5,863.90","5,634.70",26.66K,-0.68%
10/27/2017,"5,759.60","5,890.00","6,010.20","5,681.20",39.71K,-2.21%
10/26/2017,"5,890.00","5,724.20","5,966.60","5,680.50",42.72K,2.97%
10/25/2017,"5,720.00","5,509.90","5,743.90","5,367.90",44.80K,3.82%
10/24/2017,"5,509.50","5,902.50","5,902.50","5,457.50",64.03K,-6.73%
10/23/2017,"5,906.90","5,980.50","6,051.00","5,639.80",67.06K,-1.23%
10/22/2017,"5,980.50","6,005.10","6,069.60","5,717.90",50.58K,-0.41%
10/21/2017,"6,005.10","5,984.90","6,190.00","5,873.60",53.52K,0.34%
10/20/2017,"5,984.50","5,694.00","6,082.20","5,606.40",61.78K,5.10%
10/19/2017,"5,694.00","5,574.80","5,741.00","5,505.80",38.04K,2.32%
10/18/2017,"5,565.00","5,597.70","5,597.90","5,114.30",69.04K,-0.57%
10/17/2017,"5,597.10","5,764.80","5,779.00","5,511.00",31.91K,-2.90%
10/16/2017,"5,764.40","5,712.20","5,803.20","5,570.40",31.41K,1.15%
10/15/2017,"5,698.60","5,838.70","5,876.90","5,450.00",57.34K,-2.34%
10/14/2017,"5,835.00","5,636.80","5,854.30","5,567.30",36.81K,3.52%
10/13/2017,"5,636.80","5,440.00","5,874.30","5,376.00",99.15K,3.84%
10/12/2017,"5,428.50","4,824.90","5,437.60","4,815.10",79.26K,12.51%
10/11/2017,"4,824.90","4,777.70","4,879.50","4,715.00",28.92K,1.00%
10/10/2017,"4,777.00","4,782.30","4,940.00","4,717.50",42.68K,-0.11%
10/9/2017,"4,782.30","4,612.40","4,874.90","4,551.30",48.93K,3.67%
10/8/2017,"4,613.10","4,435.90","4,630.00","4,417.60",29.86K,3.99%
10/7/2017,"4,436.00","4,370.00","4,477.10","4,316.10",17.41K,1.49%
10/6/2017,"4,371.00","4,312.60","4,424.50","4,294.00",25.94K,1.29%
10/5/2017,"4,315.40","4,215.90","4,364.60","4,134.90",25.36K,2.38%
10/4/2017,"4,215.10","4,310.60","4,353.80","4,177.70",26.37K,-2.23%
10/3/2017,"4,311.10","4,399.30","4,439.90","4,222.00",28.54K,-2.02%
10/2/2017,"4,400.10","4,404.30","4,482.00","4,359.80",29.08K,-0.10%
10/1/2017,"4,404.30","4,366.60","4,420.50","4,257.70",29.23K,0.85%
9/30/2017,"4,367.00","4,168.10","4,393.40","4,160.10",31.50K,4.73%
9/29/2017,"4,169.90","4,190.00","4,244.60","4,024.70",38.94K,-0.48%
9/28/2017,"4,190.00","4,207.50","4,268.60","4,125.00",36.57K,-0.37%
9/27/2017,"4,205.40","3,881.60","4,226.50","3,878.10",48.62K,8.41%
9/26/2017,"3,879.10","3,930.00","3,983.00","3,850.90",21.41K,-1.30%
9/25/2017,"3,930.00","3,654.70","3,977.00","3,654.70",40.15K,7.59%
9/24/2017,"3,652.80","3,779.60","3,781.30","3,620.00",20.88K,-3.35%
9/23/2017,"3,779.60","3,598.70","3,808.00","3,559.10",25.64K,5.03%
9/22/2017,"3,598.50","3,597.30","3,743.60","3,493.50",49.24K,-0.14%
9/21/2017,"3,603.40","3,875.50","3,903.70","3,564.40",56.98K,-6.97%
9/20/2017,"3,873.20","3,892.20","4,048.00","3,834.10",33.21K,-0.69%
9/19/2017,"3,900.00","4,084.40","4,110.00","3,836.20",47.77K,-4.51%
9/18/2017,"4,084.10","3,667.00","4,113.90","3,667.00",58.98K,11.40%
9/17/2017,"3,666.30","3,680.10","3,775.90","3,476.30",37.05K,-0.52%
9/16/2017,"3,685.40","3,697.10","3,874.00","3,511.10",70.74K,-0.34%
9/15/2017,"3,698.00","3,237.40","3,809.00","2,981.00",183.11K,14.20%
9/14/2017,"3,238.10","3,850.20","3,917.20","3,206.20",127.51K,-15.89%
9/13/2017,"3,849.70","4,149.40","4,159.60","3,734.00",71.51K,-7.08%
9/12/2017,"4,142.90","4,198.90","4,378.40","4,055.50",40.04K,-1.43%
9/11/2017,"4,203.00","4,234.90","4,373.10","4,123.00",30.90K,-0.69%
9/10/2017,"4,232.10","4,315.40","4,325.00","3,975.80",45.87K,-1.99%
9/9/2017,"4,317.90","4,304.00","4,381.20","4,159.40",31.11K,0.28%
9/8/2017,"4,305.80","4,613.50","4,686.20","4,107.10",60.93K,-6.67%
9/7/2017,"4,613.50","4,594.60","4,672.80","4,465.30",23.13K,0.53%
9/6/2017,"4,589.10","4,375.00","4,631.40","4,361.40",39.00K,4.90%
9/5/2017,"4,374.90","4,210.60","4,469.90","3,900.10",57.73K,4.15%
9/4/2017,"4,200.40","4,599.20","4,606.00","4,056.50",59.08K,-8.59%
9/3/2017,"4,595.00","4,534.20","4,699.80","4,331.00",33.56K,1.34%
9/2/2017,"4,534.40","4,911.80","4,969.00","4,400.50",55.03K,-7.55%
9/1/2017,"4,904.90","4,718.30","4,927.40","4,660.70",28.71K,3.96%
8/31/2017,"4,718.20","4,567.90","4,749.90","4,567.90",18.47K,3.27%
8/30/2017,"4,569.00","4,586.60","4,641.10","4,481.10",17.07K,-0.39%
8/29/2017,"4,587.10","4,385.10","4,644.20","4,336.70",32.70K,4.64%
8/28/2017,"4,383.80","4,330.70","4,395.20","4,175.70",21.22K,1.20%
8/27/2017,"4,331.80","4,340.20","4,405.70","4,305.00",11.16K,-0.23%
8/26/2017,"4,341.70","4,351.50","4,364.00","4,243.60",14.80K,-0.23%
8/25/2017,"4,351.50","4,324.10","4,461.20","4,277.40",27.76K,0.61%
8/24/2017,"4,325.20","4,135.00","4,370.80","4,093.00",22.04K,4.75%
8/23/2017,"4,129.10","4,086.90","4,248.60","4,055.90",27.49K,1.35%
8/22/2017,"4,074.00","3,998.90","4,140.00","3,600.00",61.72K,1.79%
8/21/2017,"4,002.50","4,066.30","4,093.50","3,956.40",26.61K,-1.52%
8/20/2017,"4,064.30","4,145.00","4,192.00","4,040.90",25.10K,-1.95%
8/19/2017,"4,145.10","4,088.20","4,184.10","3,920.00",41.77K,1.34%
8/18/2017,"4,090.20","4,269.70","4,359.00","3,957.00",46.80K,-3.99%
8/17/2017,"4,260.00","4,386.40","4,489.10","4,178.10",40.30K,-2.88%
8/16/2017,"4,386.30","4,160.00","4,403.60","3,928.10",35.29K,5.65%
8/15/2017,"4,151.90","4,321.00","4,430.00","3,841.90",64.13K,-3.88%
8/14/2017,"4,319.50","4,061.60","4,330.30","3,969.30",34.22K,6.57%
8/13/2017,"4,053.30","3,866.20","4,183.70","3,836.10",48.16K,4.86%
8/12/2017,"3,865.50","3,643.40","3,965.40","3,590.00",37.66K,6.08%
8/11/2017,"3,644.10","3,404.70","3,690.60","3,380.00",26.43K,6.93%
8/10/2017,"3,407.90","3,340.20","3,444.40","3,310.00",19.13K,2.04%
8/9/2017,"3,339.90","3,415.00","3,424.40","3,236.80",26.25K,-2.20%
8/8/2017,"3,415.00","3,395.00","3,482.90","3,343.80",31.72K,0.54%
8/7/2017,"3,396.70","3,232.50","3,440.00","3,190.00",24.54K,5.23%
8/6/2017,"3,227.90","3,255.00","3,309.80","3,156.00",16.95K,-0.88%
8/5/2017,"3,256.40","2,860.00","3,331.90","2,855.00",50.56K,13.86%
8/4/2017,"2,860.00","2,790.30","2,874.80","2,762.60",18.99K,2.50%
8/3/2017,"2,790.30","2,702.00","2,813.00","2,698.00",16.86K,3.27%
8/2/2017,"2,702.00","2,733.80","2,757.80","2,640.00",23.76K,-1.07%
8/1/2017,"2,731.20","2,854.30","2,901.60","2,615.80",42.31K,-4.37%
7/31/2017,"2,856.00","2,748.90","2,883.50","2,694.80",27.56K,3.89%
7/30/2017,"2,749.00","2,713.70","2,756.20","2,595.00",34.97K,1.29%
7/29/2017,"2,714.10","2,784.80","2,794.20","2,662.60",24.25K,-2.54%
7/28/2017,"2,784.80","2,664.60","2,819.90","2,655.50",40.54K,4.50%
7/27/2017,"2,664.90","2,527.70","2,682.20","2,511.00",31.36K,5.51%
7/26/2017,"2,525.70","2,560.90","2,612.00","2,404.60",34.18K,-1.37%
7/25/2017,"2,560.90","2,769.70","2,790.10","2,435.70",56.10K,-7.54%
7/24/2017,"2,769.70","2,750.10","2,812.00","2,707.30",20.71K,0.81%
7/23/2017,"2,747.50","2,845.70","2,875.70","2,656.20",35.18K,-3.45%
7/22/2017,"2,845.70","2,659.00","2,912.90","2,642.80",35.25K,6.82%
7/21/2017,"2,664.00","2,874.50","2,874.50","2,615.00",57.43K,-6.73%
7/20/2017,"2,856.30","2,253.30","2,919.90","2,253.30",83.44K,26.77%
7/19/2017,"2,253.10","2,302.20","2,399.90","2,214.20",35.81K,-2.13%
7/18/2017,"2,302.10","2,220.00","2,380.20","2,139.80",44.10K,3.74%
7/17/2017,"2,219.00","1,925.00","2,223.30","1,924.10",40.48K,15.28%
7/16/2017,"1,924.90","1,979.70","2,048.80","1,835.80",53.02K,-2.71%
7/15/2017,"1,978.60","2,206.50","2,210.10","1,975.70",41.76K,-10.27%
7/14/2017,"2,205.10","2,329.40","2,345.60","2,138.00",27.74K,-5.32%
7/13/2017,"2,329.00","2,375.60","2,400.00","2,293.80",18.42K,-1.91%
7/12/2017,"2,374.40","2,285.60","2,394.00","2,195.80",21.67K,4.04%
7/11/2017,"2,282.10","2,318.30","2,372.80","2,183.30",33.06K,-1.56%
7/10/2017,"2,318.30","2,477.90","2,498.10","2,240.00",28.09K,-6.44%
7/9/2017,"2,478.00","2,542.00","2,555.60","2,473.70",7.78K,-2.52%
7/8/2017,"2,542.00","2,479.30","2,542.60","2,436.80",9.69K,2.53%
7/7/2017,"2,479.30","2,593.20","2,598.00","2,447.00",17.68K,-4.39%
7/6/2017,"2,593.10","2,598.60","2,603.30","2,546.00",9.83K,-0.21%
7/5/2017,"2,598.50","2,579.90","2,617.60","2,482.50",13.54K,0.62%
7/4/2017,"2,582.60","2,525.90","2,628.00","2,512.40",15.75K,2.32%
7/3/2017,"2,524.00","2,445.10","2,584.00","2,416.20",16.14K,3.23%
7/2/2017,"2,445.00","2,346.20","2,470.00","2,302.00",12.03K,4.06%
7/1/2017,"2,349.50","2,420.60","2,440.90","2,291.00",15.08K,-2.94%
6/30/2017,"2,420.70","2,472.40","2,511.10","2,406.60",10.40K,-2.00%
6/29/2017,"2,470.10","2,518.20","2,537.00","2,424.10",12.96K,-1.91%
6/28/2017,"2,518.20","2,521.30","2,561.10","2,403.20",21.83K,-0.12%
6/27/2017,"2,521.20","2,393.50","2,524.00","2,208.10",33.49K,5.29%
6/26/2017,"2,394.60","2,480.00","2,510.40","2,258.70",36.37K,-3.35%
6/25/2017,"2,477.70","2,502.60","2,595.00","2,369.10",18.13K,-0.99%
6/24/2017,"2,502.60","2,674.90","2,700.00","2,454.10",16.77K,-6.44%
6/23/2017,"2,674.90","2,672.80","2,725.30","2,652.80",8.14K,0.08%
6/22/2017,"2,672.80","2,624.40","2,709.00","2,554.80",15.18K,1.97%
6/21/2017,"2,621.20","2,715.30","2,760.00","2,573.30",24.54K,-3.36%
6/20/2017,"2,712.20","2,585.00","2,779.60","2,568.20",20.56K,5.09%
6/19/2017,"2,580.80","2,494.90","2,592.70","2,481.40",13.71K,3.58%
6/18/2017,"2,491.50","2,610.10","2,635.00","2,421.00",19.99K,-4.54%
6/17/2017,"2,610.00","2,435.50","2,636.90","2,368.70",16.64K,7.10%
6/16/2017,"2,437.00","2,377.50","2,480.00","2,261.20",22.41K,2.51%
6/15/2017,"2,377.40","2,394.30","2,455.00","2,050.00",55.83K,-0.74%
6/14/2017,"2,395.00","2,677.10","2,720.00","2,284.40",34.71K,-10.51%
6/13/2017,"2,676.40","2,570.00","2,730.00","2,532.60",23.18K,4.07%
6/12/2017,"2,571.80","2,941.80","2,961.90","2,298.20",48.34K,-12.41%
6/11/2017,"2,936.30","2,806.00","3,000.00","2,793.80",19.03K,4.64%
6/10/2017,"2,806.00","2,809.90","2,890.50","2,750.80",16.17K,-0.11%
6/9/2017,"2,809.00","2,781.50","2,849.80","2,769.60",9.52K,0.97%
6/8/2017,"2,782.10","2,642.00","2,789.30","2,570.10",16.98K,5.28%
6/7/2017,"2,642.60","2,844.60","2,850.00","2,600.20",22.10K,-7.07%
6/6/2017,"2,843.60","2,636.90","2,896.50","2,620.00",42.68K,7.87%
6/5/2017,"2,636.20","2,488.20","2,637.50","2,480.00",15.39K,5.95%
6/4/2017,"2,488.20","2,461.60","2,498.00","2,376.40",11.88K,1.11%
6/3/2017,"2,461.00","2,405.90","2,481.00","2,348.00",10.77K,2.29%
6/2/2017,"2,405.90","2,312.00","2,407.80","2,271.90",12.55K,4.08%
6/1/2017,"2,311.60","2,191.80","2,366.70","2,187.40",18.96K,5.46%
5/31/2017,"2,191.80","2,147.30","2,240.10","2,002.10",21.24K,2.10%
5/30/2017,"2,146.70","2,207.40","2,263.10","2,080.40",21.45K,-2.75%
5/29/2017,"2,207.40","2,056.90","2,249.80","1,990.10",16.46K,7.33%
5/28/2017,"2,056.60","1,980.00","2,193.00","1,955.50",25.78K,4.27%
5/27/2017,"1,972.30","2,125.90","2,207.90","1,810.00",47.12K,-7.29%
5/26/2017,"2,127.30","2,268.10","2,477.00","2,008.70",39.76K,-5.54%
5/25/2017,"2,252.00","2,392.60","2,689.00","2,142.10",55.10K,-5.96%
5/24/2017,"2,394.80","2,250.00","2,443.80","2,247.70",29.63K,6.47%
5/23/2017,"2,249.30","2,087.50","2,262.90","2,060.00",22.49K,7.85%
5/22/2017,"2,085.50","2,026.50","2,219.90","1,979.20",57.24K,2.77%
5/21/2017,"2,029.20","2,059.30","2,099.10","2,001.00",17.22K,-1.48%
5/20/2017,"2,059.70","1,966.50","2,072.20","1,963.60",21.69K,4.74%
5/19/2017,"1,966.50","1,941.50","2,000.00","1,925.00",23.00K,1.29%
5/18/2017,"1,941.50","1,870.00","1,949.90","1,861.00",12.91K,3.82%
5/17/2017,"1,870.00","1,786.20","1,892.90","1,766.40",15.91K,4.72%
5/16/2017,"1,785.70","1,772.00","1,795.10","1,728.00",9.86K,0.74%
5/15/2017,"1,772.50","1,826.80","1,828.50","1,720.00",15.76K,-3.04%
5/14/2017,"1,828.10","1,820.60","1,852.40","1,780.00",11.31K,0.42%
5/13/2017,"1,820.40","1,735.00","1,824.00","1,666.00",16.60K,4.92%
5/12/2017,"1,735.00","1,853.90","1,864.80","1,700.80",21.40K,-6.41%
5/11/2017,"1,853.90","1,796.90","1,908.00","1,766.60",24.39K,3.18%
5/10/2017,"1,796.80","1,759.80","1,817.40","1,722.30",18.62K,2.09%
5/9/2017,"1,760.00","1,703.50","1,813.90","1,695.10",31.21K,3.33%
5/8/2017,"1,703.20","1,619.80","1,715.00","1,618.90",19.91K,5.14%
5/7/2017,"1,619.90","1,597.00","1,631.30","1,575.10",13.91K,1.43%
5/6/2017,"1,597.10","1,545.10","1,605.00","1,545.00",14.02K,3.37%
5/5/2017,"1,545.10","1,607.20","1,665.50","1,511.70",32.64K,-3.86%
5/4/2017,"1,607.10","1,619.40","1,701.90","1,521.10",31.49K,-0.66%
5/3/2017,"1,617.80","1,558.50","1,626.90","1,542.00",17.07K,3.71%
5/2/2017,"1,560.00","1,533.00","1,604.60","1,479.20",16.73K,1.75%
5/1/2017,"1,533.10","1,435.00","1,560.00","1,432.00",22.30K,6.82%
4/30/2017,"1,435.20","1,425.40","1,443.50","1,403.30",8.52K,0.81%
4/29/2017,"1,423.60","1,415.60","1,436.60","1,401.50",8.77K,0.57%
4/28/2017,"1,415.60","1,440.30","1,447.00","1,368.30",14.02K,-1.71%
4/27/2017,"1,440.30","1,399.30","1,449.70","1,392.50",10.40K,2.93%
4/26/2017,"1,399.30","1,371.00","1,411.70","1,365.10",11.81K,2.12%
4/25/2017,"1,370.30","1,345.00","1,378.50","1,342.10",8.27K,1.88%
4/24/2017,"1,345.00","1,355.30","1,359.60","1,326.90",7.91K,-0.75%
4/23/2017,"1,355.20","1,346.40","1,359.00","1,336.00",7.75K,0.57%
4/22/2017,"1,347.50","1,327.10","1,353.10","1,290.10",12.37K,1.65%
4/21/2017,"1,325.60","1,308.70","1,333.10","1,307.50",8.00K,1.31%
4/20/2017,"1,308.40","1,260.50","1,325.70","1,260.10",15.62K,3.80%
4/19/2017,"1,260.50","1,265.40","1,272.00","1,255.00",7.58K,-0.39%
4/18/2017,"1,265.40","1,240.00","1,274.80","1,237.00",16.14K,2.05%
4/17/2017,"1,240.00","1,212.50","1,247.00","1,202.20",15.15K,2.31%
4/16/2017,"1,212.00","1,193.30","1,217.60","1,190.40",4.50K,1.57%
4/15/2017,"1,193.30","1,206.80","1,215.00","1,190.00",9.15K,-1.12%
4/14/2017,"1,206.80","1,187.00","1,219.10","1,184.00",12.32K,1.67%
4/13/2017,"1,187.00","1,227.40","1,235.10","1,163.50",19.14K,-3.29%
4/12/2017,"1,227.40","1,236.90","1,239.00","1,221.00",12.01K,-0.66%
4/11/2017,"1,235.60","1,220.30","1,243.40","1,209.10",9.56K,1.25%
4/10/2017,"1,220.30","1,215.90","1,229.90","1,208.10",11.55K,0.36%
4/9/2017,"1,215.90","1,188.10","1,226.90","1,180.20",16.31K,2.34%
4/8/2017,"1,188.10","1,196.60","1,202.60","1,171.30",11.02K,-0.71%
4/7/2017,"1,196.60","1,191.50","1,208.90","1,176.70",20.44K,0.43%
4/6/2017,"1,191.50","1,140.30","1,206.40","1,140.30",32.17K,4.46%
4/5/2017,"1,140.60","1,145.80","1,146.70","1,112.30",22.55K,-0.38%
4/4/2017,"1,145.00","1,150.10","1,161.90","1,124.10",21.16K,-0.45%
4/3/2017,"1,150.20","1,107.80","1,159.90","1,107.80",30.42K,3.85%
4/2/2017,"1,107.60","1,093.50","1,118.20","1,081.00",20.42K,1.32%
4/1/2017,"1,093.20","1,081.30","1,106.90","1,070.20",17.00K,1.06%
3/31/2017,"1,081.70","1,042.10","1,089.40","1,041.00",27.50K,3.91%
3/30/2017,"1,041.00","1,041.70","1,053.50","1,022.20",24.81K,-0.08%
3/29/2017,"1,041.80","1,044.70","1,058.90","1,009.30",22.32K,-0.28%
3/28/2017,"1,044.70","1,042.80","1,066.50","1,016.80",25.25K,0.19%
3/27/2017,"1,042.70",968.9,"1,046.90",960.1,31.91K,7.61%
3/26/2017,969,971.3,"1,005.50",950.1,33.26K,-0.33%
3/25/2017,972.2,942.1,980,891,46.01K,3.08%
3/24/2017,943.1,"1,032.70","1,034.20",928.3,43.52K,-8.70%
3/23/2017,"1,033.00","1,039.40","1,055.00","1,018.00",19.33K,-0.59%
3/22/2017,"1,039.10","1,115.90","1,116.00",986.3,41.33K,-6.81%
3/21/2017,"1,115.00","1,040.40","1,120.90","1,040.10",33.42K,7.31%
3/20/2017,"1,039.00","1,016.50","1,052.10","1,011.20",20.53K,2.25%
3/19/2017,"1,016.10",971.9,"1,058.90",971,40.55K,4.64%
3/18/2017,971,"1,067.80","1,097.10",935.1,87.88K,-9.12%
3/17/2017,"1,068.40","1,169.10","1,169.60","1,066.00",59.21K,-8.61%
3/16/2017,"1,169.00","1,256.10","1,259.70","1,132.50",51.49K,-6.93%
3/15/2017,"1,256.10","1,245.00","1,262.00","1,241.30",15.84K,0.89%
3/14/2017,"1,245.00","1,238.50","1,257.90","1,218.90",17.97K,0.52%
3/13/2017,"1,238.50","1,224.40","1,246.90","1,207.50",23.07K,1.09%
3/12/2017,"1,225.20","1,172.40","1,232.60","1,167.50",18.97K,4.47%
3/11/2017,"1,172.80","1,113.50","1,196.10","1,107.00",31.26K,5.32%
3/10/2017,"1,113.60","1,190.40","1,328.80",971,104.89K,-6.45%
3/9/2017,"1,190.40","1,150.00","1,207.50","1,136.00",24.15K,3.58%
3/8/2017,"1,149.30","1,232.40","1,243.60","1,142.20",46.82K,-6.74%
3/7/2017,"1,232.40","1,279.20","1,281.80","1,185.90",42.01K,-3.67%
3/6/2017,"1,279.30","1,278.40","1,287.80","1,268.60",9.60K,0.07%
3/5/2017,"1,278.40","1,267.80","1,279.80","1,245.30",9.32K,0.84%
3/4/2017,"1,267.80","1,289.10","1,291.80","1,240.10",15.55K,-1.58%
3/3/2017,"1,288.20","1,257.60","1,294.70","1,256.60",22.29K,2.05%
3/2/2017,"1,262.30","1,232.90","1,283.10","1,213.00",30.55K,2.39%
3/1/2017,"1,232.80","1,189.10","1,233.50","1,186.00",22.49K,3.68%
2/28/2017,"1,189.10","1,196.00","1,216.00","1,177.80",17.47K,-0.54%
2/27/2017,"1,195.50","1,178.30","1,202.60","1,171.00",11.76K,1.46%
2/26/2017,"1,178.30","1,153.00","1,185.90","1,130.90",11.08K,2.19%
2/25/2017,"1,153.00","1,185.40","1,189.90","1,131.50",16.29K,-2.71%
2/24/2017,"1,185.10","1,189.90","1,222.20","1,111.10",48.21K,-0.49%
2/23/2017,"1,190.90","1,125.50","1,196.90","1,120.40",26.12K,5.83%
2/22/2017,"1,125.30","1,129.60","1,140.00","1,106.40",14.33K,-0.38%
2/21/2017,"1,129.60","1,091.30","1,134.00","1,085.00",24.50K,3.52%
2/20/2017,"1,091.20","1,056.20","1,100.30","1,044.10",13.29K,3.31%
2/19/2017,"1,056.20","1,059.80","1,066.00","1,045.00",6.44K,-0.34%
2/18/2017,"1,059.80","1,056.20","1,071.10","1,053.10",7.15K,0.34%
2/17/2017,"1,056.20","1,038.50","1,065.80","1,034.10",16.17K,1.71%
2/16/2017,"1,038.40","1,013.90","1,045.70","1,013.90",11.26K,2.43%
2/15/2017,"1,013.80","1,013.30","1,017.30","1,002.40",5.61K,0.01%
2/14/2017,"1,013.70",996.5,"1,019.00",988.9,12.20K,1.73%
2/13/2017,996.5,996,"1,004.50",975.9,9.05K,0.05%
2/12/2017,996,"1,000.10","1,005.40",992.3,4.33K,-0.43%
2/11/2017,"1,000.30",992.1,"1,009.00",984.2,9.32K,0.84%
2/10/2017,992,985,"1,002.00",949.4,24.48K,0.71%
2/9/2017,985,"1,049.00","1,078.00",936.4,59.96K,-6.09%
2/8/2017,"1,048.80","1,052.50","1,068.00","1,013.20",23.09K,-0.31%
2/7/2017,"1,052.10","1,022.60","1,056.30","1,021.70",15.19K,2.88%
2/6/2017,"1,022.60","1,006.60","1,026.20","1,006.00",8.90K,1.59%
2/5/2017,"1,006.60","1,031.10","1,033.00",996.3,16.19K,-2.38%
2/4/2017,"1,031.10","1,016.80","1,040.00","1,001.60",17.19K,1.52%
2/3/2017,"1,015.70","1,007.00","1,020.50",988.3,18.97K,0.99%
2/2/2017,"1,005.70",983.7,"1,010.50",970.1,17.79K,2.23%
2/1/2017,983.7,966.2,985,960.1,11.35K,1.82%
1/31/2017,966.2,917.4,969.4,916.8,19.65K,5.32%
1/30/2017,917.4,912.5,920.8,910,3.45K,0.53%
1/29/2017,912.6,919.4,923,910.7,2.70K,-0.75%
1/28/2017,919.4,916.7,924,915,3.61K,0.30%
1/27/2017,916.7,915.1,922.2,905,10.14K,0.17%
1/26/2017,915.1,893.3,917.6,893.3,9.82K,2.44%
1/25/2017,893.3,886.1,899.6,884.2,10.48K,0.82%
1/24/2017,886.1,908.4,927,884.2,20.73K,-2.63%
1/23/2017,910,923.7,928.8,910,9.63K,-1.48%
1/22/2017,923.7,924,939.7,892,21.84K,-0.03%
1/21/2017,924,895.7,931,893.9,12.17K,3.13%
1/20/2017,896,900.3,904.5,883.3,9.49K,-0.48%
1/19/2017,900.3,887.6,908.2,884.6,15.08K,1.41%
1/18/2017,887.8,904,913.8,847.3,21.30K,-1.80%
1/17/2017,904,830.1,910.8,828,27.34K,8.90%
1/16/2017,830.1,820.7,837.9,814.8,7.65K,1.14%
1/15/2017,820.7,815.3,823,805.1,5.39K,0.67%
1/14/2017,815.3,828.1,838.5,800.7,12.53K,-1.55%
1/13/2017,828.1,804.6,832.3,776,25.88K,2.93%
1/12/2017,804.6,779.5,831.2,738.7,35.91K,3.34%
1/11/2017,778.6,905.8,922.6,760,62.87K,-14.04%
1/10/2017,905.8,903,917.9,895.5,12.14K,0.31%
1/9/2017,903,915.9,916.1,876.3,16.59K,-1.41%
1/8/2017,915.9,908.8,942.5,890,30.75K,0.78%
1/7/2017,908.8,898.5,911,816.1,40.60K,1.21%
1/6/2017,898,"1,003.80","1,025.00",871,57.40K,-10.49%
1/5/2017,"1,003.20","1,139.80","1,166.00",865.4,91.20K,-11.97%
1/4/2017,"1,139.60","1,037.50","1,150.00","1,036.40",53.73K,9.84%
1/3/2017,"1,037.50","1,019.30","1,038.70","1,013.50",14.11K,1.79%
1/2/2017,"1,019.30",999.2,"1,034.80",997.3,21.82K,2.03%
1/1/2017,999,966.6,"1,006.50",961.3,13.44K,3.35%
12/31/2016,966.6,959.2,968,945,7.16K,0.76%
12/30/2016,959.3,974.7,974.7,929.8,19.36K,-1.37%
12/29/2016,972.6,981.7,983,949,22.56K,-0.92%
12/28/2016,981.7,936.4,983,936.4,20.82K,4.85%
12/27/2016,936.3,906.4,940,903.5,9.19K,3.30%
12/26/2016,906.4,898,920,894.2,11.83K,0.94%
12/25/2016,898,895.2,901.5,858.6,12.04K,0.31%
12/24/2016,895.2,919,919.8,882.8,7.39K,-2.58%
12/23/2016,919,859.2,920,859,26.03K,6.96%
12/22/2016,859.2,829.3,873.9,825,15.25K,3.52%
12/21/2016,830,798.8,830.5,795,16.22K,4.01%
12/20/2016,798,790.6,802.3,788,6.99K,0.94%
12/19/2016,790.6,790.2,792.2,788,2.15K,0.05%
12/18/2016,790.2,791,792.8,784.4,2.43K,-0.10%
12/17/2016,791,784.2,793,784.2,6.20K,0.87%
12/16/2016,784.2,777.4,785,775.9,4.77K,0.87%
12/15/2016,777.4,774.5,780.1,774.5,3.18K,0.38%
12/14/2016,774.5,775,781.2,771.2,3.68K,-0.07%
12/13/2016,775,778,788.9,763.7,5.58K,-0.38%
12/12/2016,778,770.2,784.1,770.2,6.76K,1.01%
12/11/2016,770.2,772.9,773.7,761.8,4.14K,-0.35%
12/10/2016,772.9,770.5,777.8,770,3.36K,0.31%
12/9/2016,770.5,765,772.7,765,3.65K,0.72%
12/8/2016,765,765,773.2,762.7,4.75K,0.00%
12/7/2016,765,757.2,772.2,749.1,10.69K,1.01%
12/6/2016,757.4,750.6,758.5,750.4,5.28K,0.90%
12/5/2016,750.6,768.5,769,744.6,10.07K,-2.33%
12/4/2016,768.5,765.5,770,760.9,4.20K,0.42%
12/3/2016,765.3,774.9,774.9,756,5.73K,-1.24%
12/2/2016,774.9,755.4,779.2,755.2,13.41K,2.59%
12/1/2016,755.4,739,756,738.8,13.40K,2.21%
11/30/2016,739,731,743.1,729.1,5.53K,1.09%
11/29/2016,731,731.5,733.9,728.7,5.65K,-0.06%
11/28/2016,731.5,724.9,735,724.9,4.14K,0.90%
11/27/2016,725,731.2,736.2,722.5,3.49K,-0.85%
11/26/2016,731.2,740.4,741,720,4.49K,-1.24%
11/25/2016,740.4,737.7,741.1,730,4.06K,0.36%
11/24/2016,737.7,742,744.3,727.6,6.07K,-0.58%
11/23/2016,742,749.8,750.9,730.8,5.58K,-1.07%
11/22/2016,750,739,753.9,733.3,9.48K,1.50%
11/21/2016,739,729.7,740.6,728.1,7.20K,1.28%
11/20/2016,729.7,752.9,757,712,13.91K,-3.09%
11/19/2016,752.9,754,760,740,6.04K,-0.14%
11/18/2016,754,740.7,756.9,734.5,6.96K,1.80%
11/17/2016,740.7,745,762.4,735,14.89K,-0.58%
11/16/2016,745,712.2,747.5,710.1,17.95K,4.61%
11/15/2016,712.2,707.4,720,707.4,7.94K,0.67%
11/14/2016,707.4,708.1,709,699,6.01K,0.47%
10/31/2016,704.1,702.5,706,688,10.56K,0.22%
10/30/2016,702.5,714.5,716.6,697.8,12.20K,-1.67%
10/29/2016,714.5,693.5,724,692.3,15.28K,3.03%
10/28/2016,693.5,688.7,695,681.6,10.10K,0.70%
10/27/2016,688.7,678.7,690.6,676.7,12.93K,1.47%
10/26/2016,678.7,659.5,685.6,658.5,11.69K,2.91%
10/25/2016,659.5,654.7,670,652.7,5.52K,0.74%
10/24/2016,654.7,659,659,654,5.70K,-0.66%
10/23/2016,659,665,671.4,656,5.73K,-0.90%
10/22/2016,665,636.7,671,635.1,10.09K,4.44%
10/21/2016,636.7,632.5,639,632,7.22K,0.68%
10/20/2016,632.5,631.8,633.6,628,3.34K,0.11%
10/19/2016,631.8,638.7,643.9,627.8,8.99K,-1.10%
10/18/2016,638.8,639.8,641.7,632.9,6.09K,-0.15%
10/17/2016,639.8,644.2,644.6,637.8,5.02K,-0.68%
10/16/2016,644.2,640.2,645.8,639.8,2.39K,0.62%
10/15/2016,640.2,643,645.7,637.9,2.40K,-0.44%
10/14/2016,643,637,645.4,636.7,6.64K,0.94%
10/13/2016,637,637.6,643.7,636.4,5.01K,-0.10%
10/12/2016,637.6,641.9,644.1,637.3,3.85K,-0.64%
10/11/2016,641.7,618.9,646,618.1,12.53K,3.70%
10/10/2016,618.9,616.6,620,615.9,3.09K,0.37%
10/9/2016,616.6,620.5,620.9,614.4,2.74K,-0.63%
10/8/2016,620.5,620.1,622.9,617.9,3.11K,0.06%
10/7/2016,620.1,613.5,621.2,613,4.85K,1.08%
10/6/2016,613.5,614.1,615.9,612.7,3.08K,-0.09%
10/5/2016,614.1,610.7,617.3,610,3.41K,0.51%
10/4/2016,611,612.7,614,609.6,4.01K,-0.26%
10/3/2016,612.6,609.1,613.2,608.9,3.28K,0.57%
10/2/2016,609.1,614.1,614.2,607,4.97K,-0.81%
10/1/2016,614.1,611.1,616.9,611.1,1.90K,0.49%
9/30/2016,611.1,604.6,612.9,604.3,2.36K,1.08%
9/29/2016,604.6,603.8,607.8,603.2,3.14K,0.14%
9/28/2016,603.8,605.5,605.8,603.1,2.05K,-0.29%
9/27/2016,605.5,609.1,609.9,602,3.20K,-0.59%
9/26/2016,609.1,600.4,610,599.9,3.11K,1.46%
9/25/2016,600.4,602.5,603.6,597.6,1.39K,-0.36%
9/24/2016,602.5,603.3,605.8,601.5,0.94K,-0.12%
9/23/2016,603.3,597.1,604,596,1.96K,1.04%
9/22/2016,597.1,597.4,598.7,596,2.33K,-0.06%
9/21/2016,597.4,600.1,600.1,592.7,7.66K,-0.44%
9/20/2016,600,609.8,612,600,3.37K,-1.60%
9/19/2016,609.8,613,615,608.9,2.96K,-0.53%
9/18/2016,613,607.7,615.9,607.4,2.93K,0.88%
9/17/2016,607.7,610,610.6,605,3.57K,-0.38%
9/16/2016,610,611.8,614.2,609.5,3.70K,-0.29%
9/15/2016,611.8,613.9,617.3,611,4.38K,-0.34%
9/14/2016,613.9,614.2,617.4,612,5.93K,-0.06%
9/13/2016,614.2,611.6,618,610,7.27K,0.43%
9/12/2016,611.6,612.1,615.2,608.1,4.97K,-0.08%
9/11/2016,612.1,628,635,598,9.64K,-2.54%
9/10/2016,628,626.3,629.7,624.9,4.04K,0.28%
9/9/2016,626.3,631.7,633.5,621.3,4.27K,-0.87%
9/8/2016,631.7,619.8,636.2,617.8,8.27K,1.93%
9/7/2016,619.8,615.1,620.6,610.8,5.53K,0.73%
9/6/2016,615.2,611.5,616.7,609.8,3.09K,0.61%
9/5/2016,611.5,614.5,615.7,605.7,5.08K,-0.49%
9/4/2016,614.5,609.9,618.7,604.6,5.06K,0.76%
9/3/2016,609.9,579.8,612.4,576,8.21K,5.18%
9/2/2016,579.8,572.7,581.1,570.6,5.67K,1.24%
9/1/2016,572.7,576.2,578,571.5,3.62K,-0.59%
8/31/2016,576.2,579.5,579.5,572.7,3.51K,-0.58%
8/30/2016,579.5,574.8,580.2,574.2,3.20K,0.82%
8/29/2016,574.8,574.2,578,573,2.80K,0.11%
8/28/2016,574.2,568.5,574.4,568.3,1.52K,0.99%
8/27/2016,568.5,578,578.9,567.2,2.26K,-1.64%
8/26/2016,578,577.2,579.5,575.1,1.77K,0.14%
8/25/2016,577.2,580.3,581.1,574,3.57K,-0.54%
8/24/2016,580.3,583.5,586.9,580,5.05K,-0.55%
8/23/2016,583.5,588,590.7,581.1,4.80K,-0.76%
8/22/2016,588,581.4,590,581.4,4.62K,1.13%
8/21/2016,581.4,582.1,584.2,580,2.43K,-0.10%
8/20/2016,582,573.5,582.8,571.3,3.34K,1.48%
8/19/2016,573.5,572.3,577.2,570.8,2.93K,0.23%
8/18/2016,572.2,571.8,578,569.7,6.00K,0.07%
8/17/2016,571.8,574.2,577.9,569,5.03K,-0.42%
8/16/2016,574.2,564.6,579,564,6.22K,1.70%
8/15/2016,564.6,569.4,574,563,7.65K,-0.84%
8/14/2016,569.4,583.7,583.7,564,7.51K,-2.45%
8/13/2016,583.7,585.5,590,582.1,6.42K,-0.30%
8/12/2016,585.5,591.3,593,584,6.29K,-0.98%
8/11/2016,591.3,590.5,599,587.8,15.30K,0.17%
8/10/2016,590.3,604.1,614.5,579,21.35K,-2.29%
8/9/2016,604.1,604.1,604.1,604.1,-,0.00%
8/8/2016,604.1,604.1,604.1,604.1,-,0.00%
8/7/2016,604.1,604.1,604.1,604.1,-,0.00%
8/6/2016,0,0,0,0,-,0.00%
8/5/2016,0,0,0,0,-,0.00%
8/4/2016,0,0,0,0,-,0.00%
8/3/2016,0,0,0,0,-,-100.00%
8/2/2016,604,608.3,615.3,595,48.65K,-0.66%
8/1/2016,608,622.7,627.3,605,31.43K,-2.51%
7/31/2016,623.7,655,655.1,621.3,33.26K,-4.78%
7/30/2016,655,658.3,660.5,651.8,8.09K,-0.51%
7/29/2016,658.3,657,660.4,654.5,9.23K,0.59%
7/27/2016,654.5,648.5,657.1,646.6,11.79K,0.93%
7/26/2016,648.5,654.2,657.6,640.6,20.36K,-0.87%
7/25/2016,654.2,661.8,664.4,650,14.84K,-1.16%
7/24/2016,661.8,654,664.1,650.5,14.02K,1.19%
7/23/2016,654,648,657.1,645,10.00K,0.92%
7/22/2016,648,665,668,640,27.84K,-2.55%
7/21/2016,665,665.8,668,657.6,10.70K,-0.13%
7/20/2016,665.8,675,676,661.3,12.85K,-1.36%
7/19/2016,675,674.3,676.6,666.3,10.95K,0.10%
7/18/2016,674.3,683.2,686,666.5,18.08K,-1.30%
7/17/2016,683.2,665.3,689.7,663.6,20.41K,2.69%
7/16/2016,665.3,665.5,669.6,659.1,5.92K,-0.03%
7/15/2016,665.5,659.8,669.6,658.2,9.47K,0.87%
7/14/2016,659.8,653.7,666,650,20.20K,0.93%
7/13/2016,653.7,667.1,669.9,652.5,17.54K,-2.02%
7/12/2016,667.2,648,678,645.6,30.22K,2.97%
7/11/2016,648,649.7,662.5,643.4,13.92K,-0.27%
7/10/2016,649.7,648.1,651.5,636.9,10.27K,0.25%
7/9/2016,648.1,664.8,664.8,624,46.88K,-2.51%
7/8/2016,664.8,640.5,666.6,634,32.88K,3.79%
7/7/2016,640.5,677.4,682,610.1,75.70K,-5.40%
7/6/2016,677,667.8,682.6,667,15.92K,1.39%
7/5/2016,667.8,681.3,682.7,659.3,17.40K,-1.99%
7/4/2016,681.3,659.3,684.2,644.5,23.52K,3.34%
7/3/2016,659.3,706,707,644.4,44.70K,-6.49%
7/2/2016,705,674.8,705.3,673.4,29.14K,4.49%
7/1/2016,674.8,674.7,690.6,667.6,41.62K,0.00%
6/30/2016,674.7,640,677.5,635.6,40.25K,5.48%
6/29/2016,639.7,646.6,646.6,622,33.26K,-1.02%
6/28/2016,646.3,662.2,664.3,633,35.75K,-2.40%
6/27/2016,662.2,627.4,662.2,617.3,46.01K,5.54%
6/26/2016,627.4,664.9,667.9,614.3,45.12K,-5.63%
6/25/2016,664.9,665.5,698,642.8,55.63K,-0.18%
6/24/2016,666,625.8,680,625.8,92.36K,6.43%
6/23/2016,625.8,605.6,638.2,555.6,122.98K,3.26%
6/22/2016,606,669,688.2,588.9,100.50K,-9.40%
6/21/2016,668.9,705.8,715.8,668.9,102.12K,-10.08%
6/20/2016,743.9,767.3,767.7,724.3,49.09K,-3.05%
6/19/2016,767.3,757.6,771.9,740,26.70K,1.28%
6/18/2016,757.6,748.7,789.7,721.6,66.95K,1.19%
6/17/2016,748.7,769.5,780,703.1,97.38K,-2.70%
6/16/2016,769.5,697,778.5,697,123.86K,10.41%
6/15/2016,696.9,684.5,699.1,669.2,34.04K,1.81%
6/14/2016,684.5,705.9,705.9,656.5,65.74K,-3.03%
6/13/2016,705.9,672,719,659.9,117.69K,5.20%
6/12/2016,671,614.6,685,607,116.40K,9.19%
6/11/2016,614.5,580.1,615,579.3,28.43K,5.94%
6/10/2016,580.1,575.5,582.4,572.5,16.17K,0.79%
6/9/2016,575.5,583,583.7,570,21.87K,-1.29%
6/8/2016,583,576.9,585,571.1,18.08K,1.07%
6/7/2016,576.9,585.2,592.1,561.3,36.12K,-1.43%
6/6/2016,585.2,574,588.5,574,27.45K,1.95%
6/5/2016,574,572.9,586,565.2,28.14K,0.23%
6/4/2016,572.7,570.9,593.7,561.5,39.12K,0.32%
6/3/2016,570.9,538.8,579,535.8,48.45K,5.95%
6/2/2016,538.8,536.8,543.7,532.4,16.88K,0.37%
6/1/2016,536.8,530.7,546.1,523.8,27.82K,1.15%
5/31/2016,530.7,532.9,546.5,518,49.88K,-0.41%
5/30/2016,532.9,531,548.4,521.1,32.60K,0.36%
5/29/2016,531,527,567,512.5,83.72K,0.76%
5/28/2016,527,472,541,471,74.36K,11.65%
5/27/2016,472,454,482.3,453.6,59.12K,3.98%
5/26/2016,454,449.1,454.7,446,9.52K,1.09%
5/25/2016,449.1,445,450.4,443,12.35K,0.91%
5/24/2016,445,443.5,447.8,442.4,8.33K,0.31%
5/23/2016,443.7,437.5,444.4,436.5,7.87K,1.41%
5/22/2016,437.5,440.8,441,435.1,7.24K,-0.76%
5/21/2016,440.8,441.6,442.2,437,6.22K,-0.17%
5/20/2016,441.6,434.5,443.1,433,14.29K,1.51%
5/19/2016,435,453.5,454.7,433,30.35K,-4.08%
5/18/2016,453.5,453.2,456.9,451.5,7.16K,0.06%
5/17/2016,453.2,453,454.9,451,7.63K,0.05%
5/16/2016,453,457.9,459,451,8.77K,-1.07%
5/15/2016,457.9,455.8,460.7,454.7,5.64K,0.46%
5/14/2016,455.8,455.8,458.5,454.1,3.61K,0.00%
5/13/2016,455.8,455,457.5,452,7.13K,0.17%
5/12/2016,455,452.3,456.1,445.9,18.08K,0.60%
5/11/2016,452.3,450.7,454.7,450,8.03K,0.35%
5/10/2016,450.7,461.6,464,446.2,22.57K,-2.35%
5/9/2016,461.6,459.9,465.4,457.8,15.12K,0.37%
5/8/2016,459.9,460.2,461.6,456,6.45K,-0.07%
5/7/2016,460.2,461.2,463,458.3,7.81K,-0.21%
5/6/2016,461.2,448.4,465,448,26.54K,2.85%
5/5/2016,448.4,447.4,450.4,446.1,10.79K,0.23%
5/4/2016,447.4,450.4,451,445.1,7.05K,-0.67%
5/3/2016,450.4,443.7,452,440.1,12.16K,1.50%
5/2/2016,443.7,451.1,452.5,436,29.74K,-1.64%
5/1/2016,451.1,446.6,453,445.7,3.90K,1.01%
4/30/2016,446.6,455.3,456,445.1,10.58K,-1.92%
4/29/2016,455.3,450.5,457.4,445.8,13.42K,1.08%
4/28/2016,450.5,444.9,450.8,435,25.33K,1.21%
4/27/2016,445.1,468.1,469.7,443.4,40.28K,-4.92%
4/26/2016,468.1,461.8,472,461.8,18.72K,1.38%
4/25/2016,461.8,463,471.6,455,25.90K,-0.27%
4/24/2016,463,453.7,465,450.2,24.13K,2.05%
4/23/2016,453.7,447.8,454.6,445.7,10.16K,1.32%
4/22/2016,447.8,452.3,453.1,444.5,12.21K,-0.94%
4/21/2016,452,443.9,454.5,442.3,17.83K,1.82%
4/20/2016,444,437.8,446.5,436.6,21.25K,1.41%
4/19/2016,437.8,430,439,428.5,12.05K,1.80%
4/18/2016,430,428.5,430.9,426.5,7.58K,0.36%
4/17/2016,428.5,432.5,433.5,426.4,8.48K,-0.82%
4/16/2016,432,431.5,435.7,430.5,7.71K,0.13%
4/15/2016,431.5,426,432.4,426,15.84K,1.28%
4/14/2016,426,424.8,426.4,424,4.13K,0.30%
4/13/2016,424.8,426.6,427.7,423,6.67K,-0.43%
4/12/2016,426.6,423.7,430,423.7,14.77K,0.67%
4/11/2016,423.7,421.3,423.9,418.8,6.40K,0.57%
4/10/2016,421.3,418.5,422.8,417.5,4.25K,0.68%
4/9/2016,418.5,418.5,418.8,412,6.33K,0.00%
4/8/2016,418.5,422.3,424.5,415.5,9.85K,-0.90%
4/7/2016,422.3,422.6,422.9,417.8,7.73K,-0.07%
4/6/2016,422.6,423.8,424.5,421.7,5.68K,-0.28%
4/5/2016,423.8,420.5,424.6,419.6,7.26K,0.78%
4/4/2016,420.5,420.6,421.2,416.3,5.75K,-0.03%
4/3/2016,420.6,420.3,421.7,417.6,4.25K,0.07%
4/2/2016,420.3,417.9,422.8,417.5,6.12K,0.66%
4/1/2016,417.6,416,417.6,414,5.41K,0.37%
3/31/2016,416,413.2,418.3,413,7.27K,0.68%
3/30/2016,413.2,416,416,408.6,9.04K,-0.63%
3/29/2016,415.8,424.1,426.4,407.5,23.30K,-1.95%
3/28/2016,424.1,427.4,428,422.4,9.25K,-0.77%
3/27/2016,427.4,416.7,431,415.8,22.33K,2.56%
3/26/2016,416.7,416,418.7,414.5,5.04K,0.17%
3/25/2016,416,415.3,417,413,3.69K,0.17%
3/24/2016,415.3,418.1,418.1,414,7.56K,-0.67%
3/23/2016,418.1,417.7,419.7,415.8,7.19K,0.10%
3/22/2016,417.7,411.9,418.7,409.9,10.20K,1.41%
3/21/2016,411.9,411.3,412.1,406,7.82K,0.15%
3/20/2016,411.3,408.4,413,407.9,5.66K,0.70%
3/19/2016,408.4,407.7,410.7,404,8.96K,0.17%
3/18/2016,407.7,418.8,418.9,403,21.09K,-2.64%
3/17/2016,418.8,417.3,420.6,416.7,8.31K,0.35%
3/16/2016,417.3,415.5,418,414,7.07K,0.43%
3/15/2016,415.5,415.9,418.8,412.8,9.63K,-0.12%
3/14/2016,416,411.9,417.9,411.8,9.21K,1.01%
3/13/2016,411.8,410,416,410,7.63K,0.44%
3/12/2016,410,420.5,421.8,406.5,17.02K,-2.49%
3/11/2016,420.5,416.5,423.6,415.5,15.46K,0.96%
3/10/2016,416.5,413,417.2,410.7,13.71K,0.86%
3/9/2016,412.9,411.4,414.5,407.8,9.03K,0.39%
3/8/2016,411.4,412.6,415.9,406,10.23K,-0.33%
3/7/2016,412.7,403.8,415.3,401.6,15.31K,2.18%
3/6/2016,403.9,397.4,409.5,392,19.71K,1.65%
3/5/2016,397.4,408.8,410.1,389.7,46.95K,-2.80%
3/4/2016,408.8,420.6,424,407.7,21.75K,-2.79%
3/3/2016,420.6,422.1,424.4,416.4,20.87K,-0.39%
3/2/2016,422.2,434.8,436.3,421.1,16.46K,-2.90%
3/1/2016,434.8,439.2,442.8,428.5,19.63K,-0.99%
2/29/2016,439.2,434.5,444.8,430.5,20.40K,1.08%
2/28/2016,434.5,434.2,437.8,422.1,19.86K,0.06%
2/27/2016,434.2,435.5,438,431.8,11.59K,-0.25%
2/26/2016,435.3,424.9,435.3,420,18.85K,2.45%
2/25/2016,424.9,426.4,430,419.5,13.60K,-0.35%
2/24/2016,426.4,421.4,427.5,410.7,22.43K,1.24%
2/23/2016,421.1,440.3,442.6,416.3,32.43K,-4.35%
2/22/2016,440.3,440.5,442.5,433.4,16.34K,-0.05%
2/21/2016,440.5,438.7,451.2,428.3,43.01K,0.41%
2/20/2016,438.7,419.8,445,419.7,47.48K,4.45%
2/19/2016,420,421.5,422.5,412,13.26K,-0.36%
2/18/2016,421.5,414.9,426,413.1,25.23K,1.60%
2/17/2016,414.9,407.3,421.7,405.3,30.40K,1.86%
2/16/2016,407.3,399.9,408.8,398.7,13.99K,1.84%
2/15/2016,399.9,408.3,412.5,395.4,30.13K,-2.06%
2/14/2016,408.3,393,408.7,393,29.47K,3.90%
2/13/2016,393,382.9,393,382.6,14.73K,2.61%
2/12/2016,383,378,383.5,377.1,10.15K,1.32%
2/11/2016,378,380.9,383,372.3,14.52K,-0.76%
2/10/2016,380.9,374.3,386.5,373.1,33.67K,1.85%
2/9/2016,374,370.5,377.6,370.3,9.08K,0.94%
2/8/2016,370.5,372,376.7,369.1,16.88K,-0.41%
2/7/2016,372,373.7,377.8,369.2,13.06K,-0.47%
2/6/2016,373.8,386.5,386.5,366.4,40.20K,-3.31%
2/5/2016,386.5,389.8,392.6,384.5,16.90K,-0.84%
2/4/2016,389.8,369,393.9,368.6,37.34K,5.64%
2/3/2016,369,372.9,374,366,13.20K,-1.05%
2/2/2016,372.9,371.4,374.8,369.9,10.44K,0.40%
2/1/2016,371.4,365.5,379,363.3,24.84K,1.62%
1/31/2016,365.5,377,378.9,362.6,14.85K,-3.04%
1/30/2016,377,377.6,380.5,374,10.50K,-0.18%
1/29/2016,377.6,378.4,385.3,360.2,62.20K,-0.20%
1/28/2016,378.4,394.7,395.5,375.6,25.03K,-4.20%
1/27/2016,395,391.3,397,389.7,8.54K,0.93%
1/26/2016,391.3,391,398,387.5,13.32K,0.09%
1/25/2016,391,402.8,402.8,384,22.66K,-2.93%
1/24/2016,402.8,385.6,407,385.1,23.22K,4.46%
1/23/2016,385.6,381,394,379.9,21.47K,1.21%
1/22/2016,381,411,411.2,371.3,62.21K,-7.31%
1/21/2016,411,419.5,424.6,405,29.03K,-2.01%
1/20/2016,419.4,378.9,428,375,82.80K,10.67%
1/19/2016,379,387,388.4,377.4,17.19K,-2.09%
1/18/2016,387,382,389.4,375.1,19.55K,1.30%
1/17/2016,382.1,388.4,392.8,378.8,20.63K,-1.63%
1/16/2016,388.4,359,392.4,353.2,74.07K,8.24%
1/15/2016,358.9,429.3,429.4,358,123.88K,-16.40%
1/14/2016,429.3,431.1,434.9,426,13.30K,-0.42%
1/13/2016,431.1,432,436.4,416.4,33.24K,-0.22%
1/12/2016,432,449.3,449.6,429.3,20.66K,-3.83%
1/11/2016,449.3,449.4,452.5,443.6,14.81K,-0.02%
1/10/2016,449.4,449.2,450.3,441,13.75K,0.03%
1/9/2016,449.2,454,456,447.5,8.76K,-1.05%
1/8/2016,454,458.8,465,446.8,30.45K,-1.10%
1/7/2016,459,428.9,461.9,427.1,55.66K,7.26%
1/6/2016,428,431.8,432.2,425,8.74K,-0.89%
1/5/2016,431.8,432.9,434.9,428.2,11.22K,-0.24%
1/4/2016,432.9,428.6,435.7,427,13.02K,0.99%
1/3/2016,428.7,432.7,433.1,422,19.18K,-0.93%
1/2/2016,432.7,434,435.8,430,6.38K,-0.29%
1/1/2016,434,429,436.5,426.3,12.97K,1.16%
12/31/2015,429,424.7,432.6,412.5,21.49K,1.02%
12/30/2015,424.7,431.8,434,420,22.10K,-1.66%
12/29/2015,431.9,420.1,432.2,418,22.02K,2.76%
12/28/2015,420.2,422.3,429,417,24.27K,-0.50%
12/27/2015,422.4,416.5,424.9,407,27.80K,1.41%
12/26/2015,416.5,455.5,459.3,405.5,96.51K,-8.55%
12/25/2015,455.5,456.1,460,445.9,15.14K,-0.14%
12/24/2015,456.1,442.6,459,442.5,20.08K,3.05%
12/23/2015,442.6,435.6,445.8,434.6,16.26K,1.60%
12/22/2015,435.6,437.5,443.6,433.5,18.50K,-0.52%
12/21/2015,437.9,442.6,445.9,424.9,43.21K,-1.06%
12/20/2015,442.6,462.4,462.7,431.8,46.39K,-4.29%
12/19/2015,462.5,463.5,467,452.8,21.14K,-0.23%
12/18/2015,463.5,455.6,466.6,452,27.21K,1.68%
12/17/2015,455.8,455,458.5,446.3,17.77K,0.20%
12/16/2015,455,466,467,440,67.34K,-2.48%
12/15/2015,466.5,442.6,467,442.5,41.00K,5.40%
12/14/2015,442.6,432.5,448.1,427.6,27.33K,2.21%
12/13/2015,433,435.6,443.8,418.3,33.60K,-0.61%
12/12/2015,435.7,457,475,404.4,106.47K,-4.52%
12/11/2015,456.3,414.9,457,414.8,72.67K,9.96%
12/10/2015,414.9,418.7,421,411.2,21.39K,-0.91%
12/9/2015,418.7,422,426,406.5,53.65K,-0.49%
12/8/2015,420.8,396.7,421.4,388.4,30.42K,6.07%
12/7/2015,396.7,390.6,403.8,384.9,35.18K,1.56%
12/6/2015,390.6,390,406.8,386,57.86K,0.15%
12/5/2015,390,363.2,394,362.2,45.80K,7.39%
12/4/2015,363.2,360.5,364.4,354.3,14.64K,0.68%
12/3/2015,360.7,359.1,371.1,352.9,27.46K,0.44%
12/2/2015,359.1,362.7,363.1,346.2,31.55K,-0.98%
12/1/2015,362.7,376.9,380,353.2,44.10K,-3.77%
11/30/2015,376.9,373.9,384.5,370,47.64K,0.96%
11/29/2015,373.3,358.6,376,355.6,25.47K,4.06%
11/28/2015,358.7,358.9,362.1,351.2,19.34K,-0.05%
11/27/2015,358.9,354,366.7,348.2,35.90K,1.39%
11/26/2015,354,329.9,369.1,329.4,80.51K,7.32%
11/25/2015,329.9,320.1,331,316,20.61K,3.05%
11/24/2015,320.1,323.6,323.8,315.8,9.62K,-1.09%
11/23/2015,323.6,324.7,327,320.9,7.81K,-0.32%
11/22/2015,324.7,327.8,327.9,320.4,7.34K,-0.88%
11/21/2015,327.5,322.2,329,319,10.33K,1.66%
11/20/2015,322.2,326.5,326.8,309.5,30.09K,-1.32%
11/19/2015,326.5,335.9,336.4,324.5,18.95K,-2.81%
11/18/2015,336,336.3,338.8,328.1,15.61K,-0.10%
11/17/2015,336.3,332.1,342.5,331,27.34K,1.25%
11/16/2015,332.1,320.5,335,315.2,25.78K,3.45%
11/15/2015,321.1,333.4,336.4,315,31.61K,-3.70%
11/14/2015,333.4,338.5,340.7,329,20.32K,-1.52%
11/13/2015,338.5,337.6,343.6,326.2,30.12K,0.59%
11/12/2015,336.6,314.3,346.2,314.1,57.48K,7.19%
11/11/2015,314,340.2,343.6,300.8,116.71K,-7.70%
11/10/2015,340.2,381.1,383.4,327,89.42K,-10.71%
11/9/2015,381,374.1,388.8,360.9,38.12K,1.87%
11/8/2015,374,384.9,390.3,365.7,30.58K,-2.76%
11/7/2015,384.6,375.6,392.2,371.7,34.27K,2.41%
11/6/2015,375.6,387.9,396.7,351.5,106.74K,-3.20%
11/5/2015,388,409.2,449.1,371,157.82K,-5.20%
11/4/2015,409.2,405,503.4,366.7,274.85K,0.97%
11/3/2015,405.3,365.3,423.9,361.9,171.37K,11.04%
11/2/2015,365,330.2,372.5,326.8,70.99K,10.38%
11/1/2015,330.7,316,333.5,313.6,25.68K,4.65%
10/31/2015,316,328.2,335.4,307.2,42.94K,-3.71%
10/30/2015,328.2,314.9,336,313.8,62.92K,4.23%
10/29/2015,314.9,304.5,321.1,301.5,51.16K,3.41%
10/28/2015,304.5,295.3,308,295.3,35.57K,3.16%
10/27/2015,295.2,287.2,298.7,287.1,26.75K,2.77%
10/26/2015,287.2,284.7,287.9,282.3,17.19K,0.85%
10/25/2015,284.8,284.2,296,281.2,43.57K,0.21%
10/24/2015,284.2,279.2,284.5,279,13.33K,1.78%
10/23/2015,279.2,275.8,280.9,275.1,15.81K,1.23%
10/22/2015,275.8,267.8,280,267.3,27.29K,3.00%
10/21/2015,267.8,271,272.3,264.1,10.60K,-1.17%
10/20/2015,271,265.1,273.9,264.5,14.40K,2.23%
10/19/2015,265,265,268.3,262.4,10.98K,0.00%
10/18/2015,265,272.9,274.6,263.3,15.65K,-2.89%
10/17/2015,272.9,263.5,275.1,258.3,42.83K,3.59%
10/16/2015,263.5,255.2,267.8,254.9,21.91K,3.24%
10/15/2015,255.2,253.5,257.5,253.4,10.47K,0.65%
10/14/2015,253.5,251.3,255.9,250.1,10.29K,0.91%
10/13/2015,251.3,246.2,253.4,244.1,16.63K,2.10%
10/12/2015,246.1,248,248.4,245.4,5.15K,-0.74%
10/11/2015,247.9,246,248.7,244.8,4.87K,0.78%
10/10/2015,246,244.8,246.4,243.6,4.20K,0.49%
10/9/2015,244.8,243,245.4,242.6,3.64K,0.76%
10/8/2015,243,244,245.6,242.6,5.98K,-0.50%
10/7/2015,244.2,247.4,247.9,243.5,8.75K,-1.28%
10/6/2015,247.4,242,249,241.5,16.29K,2.21%
10/5/2015,242,239.5,242.7,237.2,12.26K,1.05%
10/4/2015,239.5,239.8,240.9,239.3,2.04K,-0.12%
10/3/2015,239.8,237.9,241.1,237.7,6.22K,0.81%
10/2/2015,237.9,238.5,240,237.3,5.61K,-0.26%
10/1/2015,238.5,236.5,240.1,236.2,6.11K,0.84%
9/30/2015,236.5,236.8,238.8,235.1,5.21K,-0.13%
9/29/2015,236.8,240.4,241.5,236.6,9.41K,-1.51%
9/28/2015,240.4,233.4,241.4,233.4,12.49K,3.03%
9/27/2015,233.4,234.6,234.8,233.1,2.61K,-0.54%
9/26/2015,234.6,235.3,235.9,233.8,4.80K,-0.27%
9/25/2015,235.3,234.6,237.6,233.1,9.87K,0.26%
9/24/2015,234.6,230.5,236.3,230.5,15.50K,1.78%
9/23/2015,230.5,231.1,233,230,5.70K,-0.32%
9/22/2015,231.3,227.2,233.3,224.5,18.74K,1.78%
9/21/2015,227.2,232.1,233,226.4,9.26K,-2.11%
9/20/2015,232.1,232.1,233.2,231.4,3.48K,0.00%
9/19/2015,232.1,233.8,234.2,231.4,4.96K,-0.72%
9/18/2015,233.8,233.6,236.2,232.5,8.68K,0.07%
9/17/2015,233.6,229,235.7,229,11.26K,2.02%
9/16/2015,229,230.9,232.1,227.4,8.81K,-0.84%
9/15/2015,230.9,230.9,232.9,229.5,6.85K,0.00%
9/14/2015,230.9,231,233.8,228.4,9.71K,-0.03%
9/13/2015,231,235.8,236.9,228.9,12.44K,-2.04%
9/12/2015,235.8,240.6,241,235.3,9.85K,-2.01%
9/11/2015,240.6,239.5,242.9,239.4,7.12K,0.46%
9/10/2015,239.5,238.9,241.9,237,10.81K,0.23%
9/9/2015,238.9,244.2,245.6,238.5,14.37K,-2.15%
9/8/2015,244.2,240.9,247.7,240.3,16.34K,1.39%
9/7/2015,240.9,241,243,239,6.95K,-0.05%
9/6/2015,241,235.8,246.5,235.5,20.52K,2.18%
9/5/2015,235.8,230.9,239.7,230,12.20K,2.14%
9/4/2015,230.9,227.3,231.6,227.1,10.81K,1.60%
9/3/2015,227.3,229.7,229.9,226.2,6.91K,-1.07%
9/2/2015,229.7,228.2,231.8,226.5,9.01K,0.64%
9/1/2015,228.2,231.4,232.3,226.6,9.83K,-1.34%
8/31/2015,231.4,230,233.7,225.3,11.02K,0.59%
8/30/2015,230,230.8,233.5,225.8,8.70K,-0.33%
8/29/2015,230.8,231.8,233.9,227.2,10.10K,-0.47%
8/28/2015,231.8,225.8,237.3,220.1,27.31K,2.67%
8/27/2015,225.8,226.1,229.2,224,11.63K,-0.18%
8/26/2015,226.2,222.7,232.2,220.1,23.85K,1.59%
8/25/2015,222.7,210.5,227.9,198,69.53K,5.78%
8/24/2015,210.5,228.1,228.6,208.5,53.50K,-7.89%
8/23/2015,228.5,230.3,232.9,225.6,12.01K,-0.76%
8/22/2015,230.3,232.2,234.6,222,20.89K,-0.82%
8/21/2015,232.2,235.5,236.4,230.5,13.00K,-1.43%
8/20/2015,235.5,226.3,237.8,226.3,26.46K,4.11%
8/19/2015,226.2,194,239.4,194,93.88K,23.62%
8/18/2015,183,258.5,258.5,171,72.15K,-29.20%
8/17/2015,258.5,259.9,262,257.5,9.90K,-0.54%
8/16/2015,259.9,262.2,262.9,256.5,27.30K,-0.85%
8/15/2015,262.1,266.3,267.8,261,10.49K,-1.48%
8/14/2015,266.1,264.5,268.9,262.1,13.43K,0.61%
8/13/2015,264.5,267.1,268,263.3,12.91K,-0.98%
8/12/2015,267.1,272,273.8,265.8,16.28K,-1.79%
8/11/2015,272,265.1,272,264.8,12.67K,2.59%
8/10/2015,265.1,265.6,267.7,262.2,10.70K,-0.18%
8/9/2015,265.6,261.3,267.6,260.7,21.20K,1.62%
8/8/2015,261.3,280.2,280.3,260.6,36.82K,-6.70%
8/7/2015,280.1,279.1,281,276.1,12.44K,0.37%
8/6/2015,279.1,282.6,282.6,278.1,10.15K,-1.25%
8/5/2015,282.6,285.5,285.9,281.6,7.69K,-1.00%
8/4/2015,285.5,281.3,285.9,281.3,12.06K,1.49%
8/3/2015,281.3,282.4,287,279.7,14.67K,-0.43%
8/2/2015,282.5,280.3,283.3,276.3,11.77K,0.77%
8/1/2015,280.3,284.5,285,276.5,12.28K,-1.45%
7/31/2015,284.5,288.2,289.9,282,14.63K,-1.30%
7/30/2015,288.2,289.9,291,285,12.16K,-0.59%
7/29/2015,289.9,295.2,295.4,286.6,15.75K,-1.80%
7/28/2015,295.2,294.8,298.9,293.6,14.44K,0.13%
7/27/2015,294.8,293,298.7,286,25.41K,0.62%
7/26/2015,293,289.4,294.5,288.1,9.30K,1.26%
7/25/2015,289.4,288.6,292.4,286.4,11.82K,0.26%
7/24/2015,288.6,276.5,289.9,276,24.08K,4.37%
7/23/2015,276.5,278,278.4,275.6,5.44K,-0.53%
7/22/2015,278,275.8,278.4,274.5,11.13K,0.80%
7/21/2015,275.8,280.2,282.1,275.3,13.40K,-1.62%
7/20/2015,280.3,275,280.5,273.5,11.82K,1.92%
7/19/2015,275,277.3,279.2,274.7,7.94K,-0.80%
7/18/2015,277.3,279.9,283.3,276.1,15.40K,-0.93%
7/17/2015,279.9,278.9,281.5,272.1,25.52K,0.33%
7/16/2015,278.9,285.4,294.3,275.2,53.00K,-2.28%
7/15/2015,285.4,286.9,294.4,283.5,21.92K,-0.50%
7/14/2015,286.9,292.6,297.1,286.1,23.27K,-1.98%
7/13/2015,292.6,311.1,312,284.5,74.07K,-5.94%
7/12/2015,311.1,300.6,316,300.5,61.47K,8.52%
7/10/2015,286.7,269.2,292.7,268.6,68.25K,6.49%
7/9/2015,269.2,270,272.8,268,24.11K,-0.59%
7/8/2015,270.8,269.5,271.4,267.4,27.02K,2.00%
7/7/2015,265.5,268.8,268.9,263.3,45.25K,-3.39%
7/6/2015,274.8,270.1,276.5,268.1,61.92K,3.63%
7/5/2015,265.2,260.6,265.3,258,14.57K,1.77%
7/4/2015,260.6,256.1,261.9,253.6,9.77K,1.77%
7/3/2015,256,254.5,256.9,252.1,11.55K,0.60%
7/2/2015,254.5,258.1,262.6,253,17.29K,-1.39%
7/1/2015,258.1,262.9,264.8,253.5,21.83K,-1.82%
6/30/2015,262.9,256.7,268.9,254.7,47.01K,2.42%
6/29/2015,256.7,248.7,257.7,248.6,34.74K,3.20%
6/28/2015,248.7,251.6,252.1,247.3,12.89K,-1.15%
6/27/2015,251.6,243.3,251.8,242.6,18.14K,3.42%
6/26/2015,243.3,242.1,243.9,240.6,10.14K,0.51%
6/25/2015,242.1,239.8,243,239.5,9.22K,0.94%
6/24/2015,239.8,244.3,244.3,239.5,15.32K,-1.82%
6/23/2015,244.3,246.7,247.4,242.3,11.61K,-0.98%
6/22/2015,246.7,244.3,248,243.5,18.48K,0.99%
6/21/2015,244.3,245.4,245.7,241.1,8.15K,-0.46%
6/20/2015,245.4,244.6,245.9,240.1,24.30K,0.33%
6/19/2015,244.6,249.5,252.1,243.7,23.64K,-1.98%
6/18/2015,249.5,248.9,253.7,243,27.90K,0.22%
6/17/2015,248.9,252.1,259.1,246.1,47.81K,-1.24%
6/16/2015,252.1,237,253.9,236,50.14K,6.37%
6/15/2015,237,233.5,238.2,233.4,19.15K,1.47%
6/14/2015,233.5,232.9,235.4,232.5,8.29K,0.29%
6/13/2015,232.9,229.4,233.5,228.4,11.07K,1.49%
6/12/2015,229.4,230,231.3,229.1,9.92K,-0.17%
6/11/2015,229.8,228.6,230.7,228.6,9.41K,0.53%
6/10/2015,228.6,229.1,229.9,227.5,10.79K,-0.20%
6/9/2015,229.1,228.8,232,227.8,16.32K,0.13%
6/8/2015,228.8,223.3,230.6,223.3,28.89K,2.46%
6/7/2015,223.3,225.7,226.7,222.3,17.35K,-1.06%
6/6/2015,225.6,224.5,226.9,223.9,6.73K,0.51%
6/5/2015,224.5,223.2,229.2,222.7,17.66K,0.57%
6/4/2015,223.2,225.1,225.8,222.6,11.04K,-0.83%
6/3/2015,225.1,224.7,227,222.3,17.15K,0.19%
6/2/2015,224.7,222,226,221,16.50K,1.21%
6/1/2015,222,228.7,230.9,219.8,31.97K,-2.93%
5/31/2015,228.7,232.5,232.7,227.1,11.67K,-1.65%
5/30/2015,232.5,236.5,236.7,230.7,14.70K,-1.68%
5/29/2015,236.5,236.9,237.2,235,6.85K,-0.14%
5/28/2015,236.9,236.9,237.5,235.9,5.85K,0.00%
5/27/2015,236.9,237.4,239.3,235.6,9.11K,-0.21%
5/26/2015,237.4,237.1,238.5,235.3,8.82K,0.11%
5/25/2015,237.1,241,241.1,236.1,8.68K,-1.60%
5/24/2015,240.9,238.8,243,238.6,7.19K,0.90%
5/23/2015,238.8,241,241.2,237.6,8.51K,-0.90%
5/22/2015,241,235.3,241.8,234.6,22.83K,2.42%
5/21/2015,235.3,234.2,236.5,233.9,10.51K,0.44%
5/20/2015,234.2,231.7,235.2,231.6,11.45K,1.10%
5/19/2015,231.7,232.8,235.7,231.2,5.97K,-0.48%
5/18/2015,232.8,236.1,237.3,229,14.19K,-1.44%
5/17/2015,236.2,235.7,238,235.6,4.80K,0.22%
5/16/2015,235.7,237.3,237.6,234,6.05K,-0.67%
5/15/2015,237.3,236.7,238.9,233.9,9.55K,0.26%
5/14/2015,236.7,235.7,238.2,232.1,19.41K,0.37%
5/13/2015,235.8,241.9,245,234.3,28.22K,-2.47%
5/12/2015,241.8,242.5,244.4,240.9,13.11K,-0.28%
5/11/2015,242.5,240.7,245.5,238.5,16.05K,0.79%
5/10/2015,240.6,242.5,245.9,238.8,11.87K,-0.81%
5/9/2015,242.5,244.5,249.1,240.1,19.38K,-0.80%
5/8/2015,244.5,237.3,248.5,236.2,31.13K,3.04%
5/7/2015,237.3,229.3,239.8,227.8,27.41K,3.50%
5/6/2015,229.3,235.9,236.8,227.3,47.41K,-2.80%
5/5/2015,235.9,238.5,239.4,231.1,26.12K,-1.12%
5/4/2015,238.5,240.6,243.6,237,24.76K,-0.90%
5/3/2015,240.7,234.8,243.7,235.7,19.11K,2.51%
5/2/2015,234.8,231.8,235.8,231.8,9.04K,1.31%
5/1/2015,231.8,236.1,239.2,231.3,16.62K,-1.83%
4/30/2015,236.1,225.2,240.2,224.6,41.29K,4.83%
4/29/2015,225.2,225.3,227.8,222.7,12.20K,-0.03%
4/28/2015,225.3,227.1,228.1,222.2,17.29K,-1.05%
4/27/2015,227.7,219.7,232,218.2,35.14K,3.63%
4/26/2015,219.7,226.1,221.5,214,40.92K,-2.83%
4/25/2015,226.1,231.4,232.7,225.8,13.38K,-2.28%
4/24/2015,231.4,236,236.2,228.7,22.53K,-1.96%
4/23/2015,236,234.1,237,233,8.81K,0.80%
4/22/2015,234.1,237,239,232.4,22.86K,-0.70%
4/21/2015,235.8,224.2,236.2,224.2,30.99K,5.17%
4/20/2015,224.2,222.2,227,221.5,19.97K,0.90%
4/19/2015,222.2,223.1,226.8,222.1,17.64K,-0.39%
4/18/2015,223.1,222.4,224.2,219.9,11.90K,0.31%
4/17/2015,222.4,228.5,229,219.6,27.14K,-2.66%
4/16/2015,228.5,224,230,223,29.32K,2.00%
4/15/2015,224,220.2,224,219,23.60K,1.72%
4/14/2015,220.2,225,225.8,216.4,40.75K,-2.14%
4/13/2015,225,236.4,237.7,220.3,47.16K,-4.81%
4/12/2015,236.4,236.9,238.7,232.8,10.17K,-0.20%
4/11/2015,236.9,236.1,240,233.8,17.64K,0.31%
4/10/2015,236.1,243.6,243.7,230.8,37.33K,-3.06%
4/9/2015,243.6,244.9,246.8,236.5,22.75K,-0.55%
4/8/2015,244.9,253.7,255,243.1,39.68K,-3.46%
4/7/2015,253.7,255.6,257.9,253,10.53K,-0.74%
4/6/2015,255.6,260.5,262.4,253.7,20.82K,-1.88%
4/5/2015,260.5,253.6,261.3,251.6,23.93K,2.72%
4/4/2015,253.6,254.2,255.7,250.4,9.42K,-0.25%
4/3/2015,254.2,253.2,256.4,250.7,28.36K,0.39%
4/2/2015,253.2,246.9,254.9,244.6,26.22K,2.55%
4/1/2015,246.9,244.5,248.5,239.5,23.54K,1.06%
3/31/2015,244.3,247.9,248.8,242,22.44K,-1.45%
3/30/2015,247.9,242.7,248.7,246.9,30.64K,2.26%
3/29/2015,242.4,252.9,250,239.5,31.54K,-4.15%
3/28/2015,252.9,246.5,255.4,246.5,17.80K,2.62%
3/27/2015,246.5,249.2,250.4,245.3,22.46K,-1.08%
3/26/2015,249.2,246.3,255,246.3,33.27K,1.33%
3/25/2015,245.9,246,250,235.7,54.42K,-0.03%
3/24/2015,246,267.2,268.4,241.5,62.94K,-7.94%
3/23/2015,267.2,268.8,271.5,262,23.56K,-0.59%
3/22/2015,268.8,260.5,270.8,259.8,18.25K,3.21%
3/21/2015,260.5,262.2,263,255.5,15.11K,-0.66%
3/20/2015,262.2,262,267,259.4,16.27K,0.13%
3/19/2015,261.9,257.3,267.9,248.1,78.90K,1.77%
3/18/2015,257.3,285.1,285.2,249,89.46K,-9.80%
3/17/2015,285.3,291.2,292.8,283,22.13K,-2.05%
3/16/2015,291.2,286.9,295.1,289.3,22.32K,1.51%
3/15/2015,286.9,282.6,287.8,283.4,13.62K,1.52%
3/14/2015,282.6,283.2,287.5,281.4,26.05K,-0.24%
3/13/2015,283.3,295.5,295.9,282.1,43.54K,-4.15%
3/12/2015,295.6,296.7,298.8,292.4,27.18K,-0.38%
3/11/2015,296.7,292.6,298.7,291.1,26.09K,1.37%
3/10/2015,292.7,291,303.8,290,67.18K,0.57%
3/9/2015,291,275.6,295,279,62.86K,5.60%
3/8/2015,275.6,277,278.7,272,14.62K,-0.50%
3/7/2015,277,273.4,280,270.6,22.14K,1.38%
3/6/2015,273.2,277.7,277.9,269.7,40.56K,-1.62%
3/5/2015,277.7,273.3,284.5,262.9,66.63K,1.60%
3/4/2015,273.3,283.8,286,267.4,71.03K,-3.67%
3/3/2015,283.8,277.3,290.3,268,82.29K,2.33%
3/2/2015,277.3,262.4,279.6,259.2,66.41K,5.68%
3/1/2015,262.4,255.7,266,245.8,46.96K,2.62%
2/28/2015,255.7,255.1,257.4,251.3,17.59K,0.29%
2/27/2015,255,236.9,262.6,236.6,69.50K,7.61%
2/26/2015,236.9,238,238.3,233.8,18.69K,-0.45%
2/25/2015,238,239.7,240.8,235.6,13.56K,-0.73%
2/24/2015,239.7,239.4,241,236.7,16.66K,0.14%
2/23/2015,239.4,236.5,241,232.6,23.92K,1.23%
2/22/2015,236.5,245.5,247.8,232.4,33.48K,-3.69%
2/21/2015,245.6,244.5,247.7,243.3,16.44K,0.43%
2/20/2015,244.5,240,248.3,238.9,31.65K,1.79%
2/19/2015,240.2,236.3,243.4,235,23.47K,1.65%
2/18/2015,236.3,244,245,231.7,39.24K,-3.16%
2/17/2015,244,233.5,246.3,231.5,41.39K,4.45%
2/16/2015,233.6,235.9,243.3,229,47.11K,-0.97%
2/15/2015,235.9,257,268.3,228.2,103.42K,-8.29%
2/14/2015,257.2,236.1,261.2,235.5,80.10K,8.96%
2/13/2015,236.1,222.6,242.5,221.5,68.09K,6.16%
2/12/2015,222.4,220,223.2,217.8,20.02K,1.17%
2/11/2015,219.8,221.4,223.3,218.1,19.23K,-0.49%
2/10/2015,220.9,221.1,222,215,5.40K,-0.10%
2/9/2015,221.1,224,225,216.4,6.55K,-1.29%
2/8/2015,224,229.2,231.6,220,4.30K,-2.19%
2/7/2015,229,223.2,230.5,222.7,4.10K,2.60%
2/6/2015,223.2,216.8,226.6,216,5.69K,2.97%
2/5/2015,216.8,227.1,228.9,215,7.41K,-4.56%
2/4/2015,227.1,228.8,231,221.5,9.15K,-0.64%
2/3/2015,228.6,237,243.9,225.3,8.32K,-3.89%
2/2/2015,237.8,228.4,240.1,220.9,7.45K,3.86%
2/1/2015,229,218.7,233.8,210,7.23K,4.82%
1/31/2015,218.4,229,234.7,217.1,5.60K,-4.64%
1/30/2015,229.1,235,244.6,227.9,5.77K,-2.54%
1/29/2015,235,235.9,242,221.1,6.64K,-0.45%
1/28/2015,236.1,264,266,228.5,5.34K,-10.45%
1/27/2015,263.6,274.7,278.5,244,1.63K,-3.95%
1/26/2015,274.5,262.8,322.7,241.4,5.18K,7.84%
1/25/2015,254.5,248,256.3,245.3,0.48K,6.05%
1/24/2015,240,215,250.6,215,0.00K,2.13%
1/23/2015,235,230,235,215,-,3.84%
1/22/2015,226.3,245.5,257.7,216.6,0.00K,0.36%
1/21/2015,225.5,219,225.5,219,-,3.44%
1/20/2015,218,215,218,208,-,2.25%
1/19/2015,213.2,211.2,216.2,208.8,1.19K,1.60%
1/18/2015,209.9,202.9,218.3,197.1,1.97K,4.29%
1/17/2015,201.2,207.2,211,198.2,2.64K,-2.64%
1/16/2015,206.7,216,225,200,1.56K,-5.07%
1/15/2015,217.7,181.1,234.5,176.5,3.30K,18.87%
1/14/2015,183.2,230.3,230.5,164.9,9.67K,-20.31%
1/13/2015,229.8,267.3,267.6,222.5,13.52K,-14.12%
1/12/2015,267.6,267.2,281,265.5,2.56K,0.54%
1/11/2015,266.2,274.8,280,265,1.42K,-3.22%
1/10/2015,275,292.4,292.4,271,1.11K,-6.08%
1/9/2015,292.8,285.4,295.6,283,1.26K,2.52%
1/8/2015,285.6,296.2,296.2,285.6,1.31K,-3.82%
1/7/2015,297,286.1,303.8,285,1.53K,4.07%
1/6/2015,285.4,273.2,287.8,268.5,6.86K,4.46%
1/5/2015,273.2,261,276.5,260.5,2.68K,5.57%
1/4/2015,258.8,282,288.9,258.8,2.38K,-8.23%
1/3/2015,282,314.8,314.8,282,1.30K,-10.51%
1/2/2015,315.1,313.6,316,313,1.32K,0.40%
1/1/2015,313.9,317.5,317.5,312.9,0.93K,-0.99%
12/31/2014,317,309,317.6,308.6,1.86K,2.66%
12/30/2014,308.8,314.4,315.3,307.9,1.51K,-1.00%
12/29/2014,311.9,319.6,321.5,311.9,1.35K,-1.77%
12/28/2014,317.5,317.3,318.6,312,0.68K,0.51%
12/27/2014,315.9,327.1,327.1,312.7,1.10K,-3.83%
12/26/2014,328.5,319.2,329.8,317.5,2.99K,2.97%
12/25/2014,319,322.6,323.1,317.9,0.74K,-1.17%
12/24/2014,322.8,333.6,334.3,322.8,1.16K,-3.04%
12/23/2014,332.9,330,335.2,326.1,2.95K,1.18%
12/22/2014,329,318.2,329.2,317.5,1.32K,3.72%
12/21/2014,317.2,328.4,328.4,316.9,1.54K,-3.60%
12/20/2014,329.1,315.8,330,314.9,1.23K,4.22%
12/19/2014,315.7,309.3,317,306,2.33K,2.43%
12/18/2014,308.3,318.6,321.1,303.6,1.92K,-3.12%
12/17/2014,318.2,333.4,337,315,3.66K,-3.76%
12/16/2014,330.6,348.1,348.1,330.6,0.05K,-4.78%
12/15/2014,347.2,354.1,354.1,346.3,2.36K,-1.55%
12/14/2014,352.7,350.6,356.8,347,1.16K,0.51%
12/13/2014,350.9,352.6,352.6,348.3,0.75K,-0.56%
12/12/2014,352.8,350.4,357,349.9,2.32K,0.80%
12/11/2014,350,346.6,363.3,343.6,0.87K,0.90%
12/10/2014,346.9,354,356.2,343.5,3.12K,-1.96%
12/9/2014,353.9,363.2,364.4,345.5,0.86K,-2.60%
12/8/2014,363.3,375.2,375.6,361.7,1.21K,-2.97%
12/7/2014,374.4,373.9,376.7,370.9,0.91K,0.45%
12/6/2014,372.8,378,379.1,371.1,0.70K,-1.49%
12/5/2014,378.4,368.8,380.6,367.2,0.93K,2.20%
12/4/2014,370.3,375.8,378.9,364.8,1.16K,-1.46%
12/3/2014,375.7,381.4,383.1,374.3,1.09K,-1.64%
12/2/2014,382,377.4,382.6,376.9,2.04K,1.17%
12/1/2014,377.6,376.7,380,374.9,1.57K,0.23%
11/30/2014,376.7,374.7,380.3,373.1,1.51K,0.60%
11/29/2014,374.5,375.3,383,372,1.28K,-0.29%
11/28/2014,375.6,369.9,380.3,359.5,0.89K,1.62%
11/27/2014,369.6,369.3,373.5,368.1,0.63K,0.46%
11/26/2014,367.9,377,378.3,365.8,1.21K,-2.12%
11/25/2014,375.8,373.5,390,373.1,3.84K,0.72%
11/24/2014,373.2,365.3,387,327.8,1.71K,3.49%
11/23/2014,360.6,347.5,360.6,346.7,0.91K,4.11%
11/22/2014,346.4,350.9,360.3,346.1,0.80K,-0.85%
11/21/2014,349.3,353.5,356,346.1,1.81K,-1.84%
11/20/2014,355.9,380.5,380.6,353.4,1.77K,-6.14%
11/19/2014,379.2,373.1,381.6,372.1,2.89K,2.48%
11/18/2014,370,388.6,390.9,370,1.07K,-4.53%
11/17/2014,387.6,388.9,407,376,1.31K,-0.17%
11/16/2014,388.2,380.6,391.9,380.3,0.86K,3.11%
11/15/2014,376.5,400.5,406.3,371,0.71K,-5.65%
11/14/2014,399.1,410,414.6,385,1.11K,-4.85%
11/13/2014,419.4,428.3,445,387.5,5.05K,0.37%
11/12/2014,417.9,375,431.1,375,1.26K,13.86%
11/11/2014,367,366.5,367.2,361.3,0.97K,-0.26%
11/10/2014,368,360,372.5,355,0.84K,2.21%
11/9/2014,360,343.7,360,342.5,1.03K,4.35%
11/8/2014,345,342,345,340.5,0.89K,1.02%
11/7/2014,341.5,348.5,350,341.1,1.19K,-2.01%
11/6/2014,348.5,337.8,349.7,335.5,0.97K,3.24%
11/5/2014,337.5,330.8,341,321,2.74K,3.26%
11/4/2014,326.9,323.6,330.2,321.8,0.89K,1.03%
11/3/2014,323.6,324.3,335.5,323.3,3.09K,0.33%
11/2/2014,322.5,327,329.4,321.3,1.23K,-1.43%
11/1/2014,327.2,337.7,338.4,321.7,0.91K,-2.91%
10/31/2014,337,344.9,346.5,336.6,1.07K,-1.99%
10/30/2014,343.9,334.6,350.6,333,0.53K,3.20%
10/29/2014,333.2,352.2,352.3,333.2,3.40K,-5.64%
10/28/2014,353.1,351.2,353.2,349,1.95K,0.70%
10/27/2014,350.6,351.1,355,346.5,2.01K,0.19%
10/26/2014,350,346.8,356.3,344,2.02K,0.74%
10/25/2014,347.4,356.8,357.5,342.3,0.89K,-2.45%
10/24/2014,356.1,356.1,359.9,349,4.21K,0.05%
10/23/2014,356,379.7,381,353,1.29K,-6.31%
10/22/2014,380,382.9,385.5,379.7,0.94K,-0.75%
10/21/2014,382.8,380.7,387.8,378.2,1.21K,0.49%
10/20/2014,381,385.9,386.8,374.6,3.28K,-1.36%
10/19/2014,386.3,386.3,389.1,384.3,0.76K,-0.96%
10/18/2014,390,379.1,391.8,377,1.13K,2.56%
10/17/2014,380.3,380.7,385.7,371.9,2.43K,0.25%
10/16/2014,379.3,395,395,372.2,1.38K,-3.60%
10/15/2014,393.5,392.7,397.9,379.3,12.44K,-1.13%
10/14/2014,397.9,388,405.8,385.9,0.77K,3.81%
10/13/2014,383.4,367.1,391,363.3,1.52K,3.04%
10/12/2014,372,361.9,375,354.3,1.52K,2.98%
10/11/2014,361.3,358.9,366,352.3,0.93K,0.49%
10/10/2014,359.5,363.7,375,352.4,2.36K,-1.08%
10/9/2014,363.5,349.1,375.7,346,2.32K,3.83%
10/8/2014,350,332.1,351,325,7.43K,5.76%
10/7/2014,331,330.5,334.6,315.8,9.14K,2.20%
10/6/2014,323.8,320.2,345.5,303.1,1.82K,0.43%
10/5/2014,322.5,327.6,341.2,285.1,2.18K,-1.89%
10/4/2014,328.7,359.6,364.8,322.4,1.41K,-8.12%
10/3/2014,357.7,371.5,375.1,356.4,1.05K,-3.78%
10/2/2014,371.7,383.1,385.5,370.3,0.82K,-2.94%
10/1/2014,383,387,389,377,5.26K,-1.07%
9/30/2014,387.1,374.2,392.1,372,10.91K,4.75%
9/29/2014,369.6,376.8,383,367.3,0.85K,-1.36%
9/28/2014,374.7,398.8,399.4,370,0.61K,-5.67%
9/27/2014,397.3,400.4,405,395.1,0.73K,-1.42%
9/26/2014,403,411.2,414.8,397,1.25K,-1.50%
9/25/2014,409.1,420.6,420.6,404,0.99K,-2.69%
9/24/2014,420.4,426.7,430,408.6,4.09K,-2.03%
9/23/2014,429.1,398.9,440.5,395.4,1.80K,7.91%
9/22/2014,397.7,400.1,406.2,394,3.96K,-0.75%
9/21/2014,400.7,409.3,412.5,394.2,0.52K,-2.65%
9/20/2014,411.6,396.5,427.3,392.5,1.01K,4.13%
9/19/2014,395.3,426.8,428.4,389.9,0.90K,-7.47%
9/18/2014,427.2,456.7,460,412,1.61K,-6.48%
9/17/2014,456.8,465.7,469,450.4,1.10K,-1.80%
9/16/2014,465.1,466.8,475.1,464.4,0.59K,-1.02%
9/15/2014,469.9,476.5,478.8,469.9,1.36K,-1.38%
9/14/2014,476.5,477.2,479.1,474.3,0.77K,-0.34%
9/13/2014,478.1,471.2,480.8,470.8,0.91K,1.33%
9/12/2014,471.8,475.7,477.9,467.8,0.76K,-1.11%
9/11/2014,477.1,479.6,480.8,470.1,0.99K,-0.05%
9/10/2014,477.3,474,487,473.3,0.71K,0.99%
9/9/2014,472.7,471,475.5,463.3,1.10K,0.47%
9/8/2014,470.4,476.7,478.1,462.2,1.35K,-1.94%
9/7/2014,479.7,481.1,483.6,479.7,0.56K,-0.33%
9/6/2014,481.3,481.4,485,479.6,0.98K,0.78%
9/5/2014,477.6,487.1,488.6,477.6,0.72K,-2.37%
9/4/2014,489.2,473.7,494.3,473.3,1.08K,3.20%
9/3/2014,474,478.5,478.9,473.4,0.93K,-0.58%
9/2/2014,476.8,481.6,485.8,475,1.24K,-1.86%
9/1/2014,485.8,487.4,489.5,479.1,1.02K,0.51%
8/31/2014,483.4,503.1,504,482.3,1.60K,-3.13%
8/30/2014,499,506.9,506.9,499,0.39K,-1.68%
8/29/2014,507.5,506,510.1,503,0.79K,-0.05%
8/28/2014,507.8,512,513.3,506.6,0.80K,-0.63%
8/27/2014,511,512.9,518,511,0.99K,0.50%
8/26/2014,508.4,507,514.7,505.5,0.76K,1.18%
8/25/2014,502.5,506.3,511,498.2,2.81K,-0.95%
8/24/2014,507.3,500.7,512.8,500,0.75K,1.43%
8/23/2014,500.1,510.5,511.6,499,0.91K,-2.99%
8/22/2014,515.6,518.4,521.5,502,0.79K,-0.06%
8/21/2014,515.9,515.6,529,510,1.52K,-0.21%
8/20/2014,517,492.1,525,471.7,1.15K,5.44%
8/19/2014,490.3,470,498,470,1.43K,2.53%
8/18/2014,478.2,504.2,506.7,462.4,2.84K,-4.61%
8/17/2014,501.3,525.4,527,490.1,0.62K,-4.90%
8/16/2014,527.2,502.7,527.8,489.5,1.03K,4.14%
8/15/2014,506.2,517.3,525,490,1.62K,-0.74%
8/14/2014,510,549,549,503,1.76K,-7.10%
8/13/2014,549,567.6,567.7,530.5,1.89K,-3.00%
8/12/2014,566,570,570.5,563,0.78K,-1.14%
8/11/2014,572.5,582.7,583.2,572.5,0.96K,-1.29%
8/10/2014,580,581.9,586.4,580,0.68K,-0.57%
8/9/2014,583.3,583,583.9,581.3,0.70K,-0.53%
8/8/2014,586.4,582.9,587.6,582.9,0.82K,0.71%
8/7/2014,582.3,577.5,583.3,577.5,1.20K,0.82%
8/6/2014,577.5,575.3,583.7,574.3,0.95K,0.44%
8/5/2014,575,582,584,574.2,0.98K,-1.06%
8/4/2014,581.1,583.1,587.8,581.1,0.93K,-0.16%
8/3/2014,582.1,583.9,583.9,578.3,0.62K,-0.97%
8/2/2014,587.8,593.3,593.3,583.7,0.98K,-1.21%
8/1/2014,594.9,578,606.1,100,2.06K,2.74%
7/31/2014,579,554,586,553.5,1.11K,5.09%
7/30/2014,551,575.4,575.8,550,1.31K,-4.17%
7/29/2014,575,580,585.7,566.2,1.41K,-1.94%
7/28/2014,586.4,585,588,571,1.48K,-0.70%
7/27/2014,590.5,594.3,595,590,0.86K,-0.59%
7/26/2014,594,599,599,590.2,1.24K,-0.67%
7/25/2014,598,600.9,605.3,595,1.13K,-0.38%
7/24/2014,600.3,616.8,616.9,593.2,1.76K,-2.74%
7/23/2014,617.2,612,618.6,610,1.74K,0.75%
7/22/2014,612.6,620,624,605.5,1.06K,-1.16%
7/21/2014,619.8,621,621.8,605,2.36K,0.14%
7/20/2014,618.9,623.3,623.3,617,1.08K,-1.01%
7/19/2014,625.3,627.2,627.2,618,1.26K,-0.35%
7/18/2014,627.5,626.4,627.5,616.8,1.02K,-0.02%
7/17/2014,627.6,622,631.1,619,2.89K,1.06%
7/16/2014,621,620,631.7,614,1.20K,0.03%
7/15/2014,620.9,621.3,624,617.9,0.94K,-0.25%
7/14/2014,622.4,621.7,624,616,1.01K,-0.26%
7/13/2014,624,626,626,621.5,0.80K,-0.32%
7/12/2014,626,625.1,630,623,0.74K,0.08%
7/11/2014,625.5,610,625.5,609.9,0.70K,2.54%
7/10/2014,610,618.5,620,608.5,1.24K,-1.65%
7/9/2014,620.2,620.7,624.7,616.3,0.87K,0.28%
7/8/2014,618.5,623.3,626,611.1,0.73K,-0.88%
7/7/2014,624,630.5,635,615,1.07K,-1.46%
7/6/2014,633.3,634.6,636.8,630.5,0.45K,0.52%
7/5/2014,630,635,636,630,0.50K,-0.35%
7/4/2014,632.2,650,650,628.5,0.57K,-1.77%
7/3/2014,643.6,649.5,652,640.7,0.81K,-0.66%
7/2/2014,647.9,650.6,654.9,641,1.16K,-0.44%
7/1/2014,650.8,650,662,643.9,1.47K,1.68%
6/30/2014,640,605.5,646,605.5,1.71K,6.02%
6/29/2014,603.7,603,607,601,0.46K,0.59%
6/28/2014,600.1,602.5,610.5,600.1,0.58K,-1.00%
6/27/2014,606.2,582.7,606.2,582,2.41K,4.89%
6/26/2014,577.9,573.5,578.8,572,0.74K,1.73%
6/25/2014,568.1,585,585,568.1,1.05K,-3.27%
6/24/2014,587.3,595.9,595.9,585,0.72K,-2.00%
6/23/2014,599.3,609.7,609.7,592.5,0.90K,-1.41%
6/22/2014,607.8,605,620,605,0.78K,1.03%
6/21/2014,601.6,597.3,601.6,592.2,0.78K,0.10%
6/20/2014,601,595.9,603,591,1.00K,-0.17%
6/19/2014,602,608,613.8,600.3,1.26K,-1.55%
6/18/2014,611.5,615.5,621.1,603.8,1.21K,-0.45%
6/17/2014,614.3,578.8,614.3,577,1.14K,5.91%
6/16/2014,580,580.8,601,580,1.06K,1.58%
6/15/2014,571,565,571.8,549.3,1.11K,3.00%
6/14/2014,554.4,584,584.5,545.3,1.20K,-4.84%
6/13/2014,582.6,586.9,615.6,570,2.15K,-1.26%
6/12/2014,590,636,640.1,569.1,1.23K,-7.39%
6/11/2014,637.1,657.3,657.3,637.1,1.09K,-2.53%
6/10/2014,653.6,654,663,647,0.99K,-0.01%
6/9/2014,653.7,663.9,663.9,653,1.20K,-1.30%
6/8/2014,662.3,664.8,668.2,660,0.62K,-0.10%
6/7/2014,663,646.8,663,646.8,0.98K,1.22%
6/6/2014,655,661,666,654.7,1.17K,-1.24%
6/5/2014,663.3,651.8,670,650,0.99K,1.68%
6/4/2014,652.3,681.3,681.3,640,1.26K,-4.48%
6/3/2014,682.9,673.1,693.9,665,1.11K,2.00%
6/2/2014,669.5,647.1,675,623.9,1.18K,3.56%
6/1/2014,646.5,638,687.3,625,1.15K,1.71%
5/31/2014,635.6,621,635.6,618.6,0.91K,1.05%
5/30/2014,629,590,629,590,1.16K,9.78%
5/29/2014,573,570,575,567.9,1.16K,-0.70%
5/28/2014,577,570,580,563.4,1.02K,1.23%
5/27/2014,570,575.6,580,557.7,1.22K,-0.87%
5/26/2014,575,569,580.1,563.2,0.57K,1.56%
5/25/2014,566.2,507.8,572,507.8,0.57K,12.71%
5/24/2014,502.3,500,505,500,0.63K,-1.42%
5/23/2014,509.5,507,529.8,500.8,1.54K,1.44%
5/22/2014,502.3,476.5,507,475.8,1.64K,5.16%
5/21/2014,477.6,480,480,475.8,1.13K,0.36%
5/20/2014,476,440,480,440,1.84K,8.42%
5/19/2014,439,434.8,440,423.8,1.16K,0.05%
5/18/2014,438.8,438,438.8,436.3,0.00K,-0.73%
5/17/2014,442,443,443,435.4,0.10K,-0.07%
5/16/2014,442.3,442,443,442,0.48K,0.07%
5/15/2014,442,440,442,438,0.22K,-0.45%
5/14/2014,444,437.3,444,432,1.55K,1.54%
5/13/2014,437.3,439,439,433.7,1.26K,-0.63%
5/12/2014,440,434.5,441,433,1.22K,1.85%
5/11/2014,432,449.6,449.6,430.5,0.46K,-4.23%
5/10/2014,451.1,452,452.3,449.1,0.59K,1.14%
5/9/2014,446,440,452,439.5,1.16K,0.72%
5/8/2014,442.8,440,447,439.5,1.01K,1.10%
5/7/2014,438,430,448.7,425.9,0.85K,1.86%
5/6/2014,430,426.5,431.5,419.8,0.97K,0.70%
5/5/2014,427,436.4,439.9,426.5,1.15K,-0.90%
5/4/2014,430.9,439.5,440.6,430.9,0.02K,-2.20%
5/3/2014,440.5,452,452,432.6,0.07K,-2.86%
5/2/2014,453.5,459,459.6,447,0.91K,-1.20%
5/1/2014,459,450.8,463,450.8,0.93K,2.39%
4/30/2014,448.3,446,450,440.5,0.63K,3.29%
4/29/2014,434,438.7,450,431.5,0.89K,-3.13%
4/28/2014,448,434,448,433,0.86K,1.48%
4/27/2014,441.5,460,460.5,441.5,0.07K,-3.82%
4/26/2014,459,467.4,470.5,453.9,0.04K,-0.22%
4/25/2014,460,493.1,494.4,446.2,0.43K,-7.54%
4/24/2014,497.5,486,497.5,480,0.49K,1.49%
4/23/2014,490.2,494.9,494.9,480,0.50K,0.45%
4/22/2014,488,499.5,501,488,0.22K,-1.81%
4/21/2014,497,509,510,495.8,0.66K,-3.01%
4/20/2014,512.5,510,512.5,510,0.15K,1.48%
4/19/2014,505,488.2,510,484.7,0.04K,2.95%
4/18/2014,490.5,499.4,504.4,483.6,0.42K,-2.03%
4/17/2014,500.7,519.5,522.3,491,0.35K,-4.12%
4/16/2014,522.3,510,522.8,499,0.76K,1.41%
4/15/2014,515,453.4,515,453.4,0.75K,12.20%
4/14/2014,459,403.1,464,403.1,0.73K,13.55%
4/13/2014,404.2,415,415,404.2,0.11K,-2.60%
4/12/2014,415,417.8,430,412,0.07K,-0.30%
4/11/2014,416.3,355,427,325,2.04K,12.50%
4/10/2014,370,440.2,440.2,370,0.91K,-16.38%
4/9/2014,442.5,455,455,440,0.35K,-1.39%
4/8/2014,448.8,454.5,458.3,448.8,0.15K,-1.20%
4/7/2014,454.2,460.2,463.6,445,0.25K,0.11%
4/6/2014,453.7,463.3,463.3,453.7,0.01K,-1.54%
4/5/2014,460.8,453,460.8,445.2,0.04K,2.40%
4/4/2014,450,441.5,458.1,434.2,0.31K,0.27%
4/3/2014,448.8,440.6,462,422,0.68K,1.23%
4/2/2014,443.3,479.2,490.5,435.8,0.95K,-8.18%
4/1/2014,482.8,460.3,486,451.4,0.94K,6.82%
3/31/2014,452,478.6,485,443.1,0.08K,-2.61%
3/30/2014,464.1,493,493,440.4,0.14K,-5.66%
3/29/2014,491.9,506.2,507,491,0.02K,-1.11%
3/28/2014,497.4,525,525,490,0.23K,-0.22%
3/27/2014,498.5,582.4,589.3,498.5,0.24K,-16.21%
3/26/2014,595,580,595,570,0.54K,2.23%
3/25/2014,582,586.6,586.7,579.1,0.31K,-1.35%
3/24/2014,590,560.4,590,552,0.35K,4.20%
3/23/2014,566.2,570.3,570.3,566.2,0.01K,1.11%
3/22/2014,560,560,562.9,550,0.01K,-1.55%
3/21/2014,568.8,581,605.4,568.8,0.70K,-2.52%
3/20/2014,583.5,610,639.2,583.5,0.49K,-4.50%
3/19/2014,611,622.9,622.9,611,0.11K,-1.19%
3/18/2014,618.4,623.1,623.9,610.9,0.49K,-0.95%
3/17/2014,624.3,635,635.7,624,0.60K,-1.68%
3/16/2014,635,640.1,640.1,635,0.04K,-1.03%
3/15/2014,641.6,636.9,641.6,636.9,0.00K,1.85%
3/14/2014,630,632.9,639,630,0.56K,-1.87%
3/13/2014,642,633.5,645.1,633.5,0.04K,-1.23%
3/12/2014,650,615,650,615,0.86K,5.69%
3/11/2014,615,615,615,613.5,0.05K,0.00%
3/10/2014,615,621,621,612.8,0.12K,-0.97%
3/9/2014,621,610.5,621,609.4,0.05K,1.12%
3/8/2014,614.1,621,621,600.2,0.06K,-1.11%
3/7/2014,621,663,663,614,0.76K,-6.33%
3/6/2014,663,673.4,675,657,0.96K,-1.78%
3/5/2014,675,658,675.8,658,0.49K,1.05%
3/4/2014,668,654.7,675,652.6,0.47K,1.52%
3/3/2014,658,571.5,685,569.7,0.67K,17.37%
3/2/2014,560.6,570.9,583.5,560,0.01K,-1.34%
3/1/2014,568.2,565,571.8,560,0.06K,0.57%
2/28/2014,565,575.5,590.3,544.9,0.34K,-2.42%
2/27/2014,579,592.5,592.5,565.7,0.01K,-0.52%
2/26/2014,582,548.7,594.5,544,0.72K,13.01%
2/25/2014,515,554,567,425,1.91K,-8.43%
2/24/2014,562.4,597.3,597.3,562.4,0.01K,-9.14%
2/23/2014,619,597.7,624.1,597.7,0.02K,4.00%
2/22/2014,595.2,587.6,602.8,563.7,0.00K,4.79%
2/21/2014,568,565.2,591.5,548.5,0.06K,-1.88%
2/20/2014,578.9,633,633,574.8,0.04K,-8.17%
2/19/2014,630.4,634.2,638,628,0.10K,0.38%
2/18/2014,628,660,660,622,0.05K,-5.40%
2/17/2014,663.8,626,663.8,626,0.03K,9.19%
2/16/2014,608,650,650,608,0.11K,-6.95%
2/15/2014,653.4,652.9,655.7,650,0.02K,-4.20%
2/14/2014,682,622,724,565.2,0.46K,7.53%
2/13/2014,634.3,671.9,671.9,630,0.04K,-7.41%
2/12/2014,685,691.1,691.1,650,0.06K,3.97%
2/11/2014,658.9,739,761.7,653.3,0.13K,-6.72%
2/10/2014,706.3,720,739,642,0.11K,-0.52%
2/9/2014,710,702.6,720,702.6,0.10K,2.90%
2/8/2014,690,700,716.4,690,0.05K,-4.17%
2/7/2014,720,750.3,755.1,677,0.28K,-6.68%
2/6/2014,771.6,793,793,768,0.16K,-2.46%
2/5/2014,791,807,808,791,0.33K,-2.71%
2/4/2014,813,810.8,813.2,808.3,0.12K,0.37%
2/3/2014,810,806.8,814.1,801.7,0.14K,-0.57%
2/1/2014,814.6,801.9,814.6,801.9,0.01K,1.83%
1/31/2014,800,801.7,803.3,791.8,0.22K,-0.49%
1/30/2014,803.9,794.4,803.9,785.4,0.27K,0.49%
1/29/2014,800,789,800,783.6,0.13K,0.63%
1/28/2014,795,779.8,812,770,0.56K,4.57%
1/27/2014,760.3,810.9,810.9,757,0.74K,-6.10%
1/26/2014,809.7,804.2,823.9,731,0.15K,-0.04%
1/25/2014,810,795.8,810,789.4,0.23K,3.60%
1/24/2014,781.9,800,800,773.2,0.36K,-4.21%
1/23/2014,816.2,819,820,804.3,0.26K,1.14%
1/22/2014,807,807,807,807,0.00K,-0.37%
1/21/2014,810,810,824.7,794.2,0.37K,-1.62%
1/20/2014,823.4,831,831,795.2,0.15K,-0.80%
1/19/2014,830,819,830,814.2,0.14K,3.75%
1/18/2014,800,810,815,799,0.15K,1.39%
1/17/2014,789,820,820.7,789,0.07K,-4.25%
1/16/2014,824,847.1,847.1,822.4,0.20K,-1.87%
1/15/2014,839.7,835.5,842.2,833.7,0.05K,1.56%
1/14/2014,826.9,827.8,833.4,815.1,0.14K,1.03%
1/13/2014,818.4,846.6,857.3,818.4,0.06K,-7.85%
1/12/2014,888.1,892,892,888.1,0.00K,-0.98%
1/11/2014,896.9,899,900.3,895,0.01K,7.44%
1/10/2014,834.7,833,834.7,833,0.00K,-1.79%
1/9/2014,850,833.7,850,794.9,0.29K,2.59%
1/8/2014,828.5,781,838,771,0.14K,4.75%
1/7/2014,791,928.7,928.7,791,0.10K,-15.36%
1/6/2014,934.5,910,950,900,0.10K,3.38%
1/5/2014,904,839.5,904,839.5,0.02K,12.74%
1/4/2014,801.8,806.5,806.5,801.8,0.01K,-1.26%
1/3/2014,812.1,801,812.1,801,-,4.78%
1/2/2014,775,746.2,775,740.2,0.13K,4.69%
1/1/2014,740.3,740,757,733.5,0.01K,1.73%
